bird ID,Fruits_pcbiomass,Infructescence_pcbiomass,Catkins_pcbiomass,Leaves_pcbiomass,Dry oct leaf_pcbiomass,BC-index,Standardized BC-index
LM-06-003,89.59503399,4.020100503,0,2.172627845,0,-31.80715942,-1.350530987
LM-06-006,26.20717837,25.54655043,0,41.51740108,40.11441803,74.24789429,3.226999143
LM-06-009,25.45116773,67.87420382,0.013269639,0.026539278,0.013269639,49.90411377,2.176277043
LM-06-011,52.12207916,0,1.430615165,31.02050548,28.73152122,-26.79589844,-1.134235795
LM-06-012,6.91254417,0,0,71.22349823,32.46466431,-3.088775635,-0.110993006
LM-06-015,0,0,0,92.27163309,86.0509312,2.21673584,0.118002575
LM-06-016,94.25745497,5.742545025,0,0,0,-38.1862793,-1.62586547
LM-06-018,34.12929528,60.20384391,0.728013978,4.938846826,2.352941176,-28.52606201,-1.20891282
LM-06-021,0,0,0,75.07055503,68.98714331,-18.39297485,-0.771550241
LM-06-027,19.48110243,0,0.008977467,31.87898375,31.87898375,15.2779541,0.681748648
LM-06-029,0,30.45683079,0,53.00364078,51.61667822,-36.80834961,-1.566391504
LM-06-033,0,0,0,12.32594121,10.57246003,-4.04498291,-0.152264661
LM-06-034,58.012451,9.82245792,0,22.71155176,6.433018215,6.925048828,0.321221976
LM-06-036,46.4177825,28.05355976,0,4.092504899,3.861854997,-16.70941162,-0.698884572
LM-06-037,56.36431504,15.21712082,0,1.281572726,1.269130272,-21.95782471,-0.925415682
LM-06-038,41.76804934,32.50937235,0,3.088644334,2.979804088,5.624481201,0.265087098
LM-06-039,0,0,0,59.2498655,41.05756667,10.66687012,0.482725828
LM-06-040,46.69231764,3.879979307,2.964950854,41.499612,41.49637869,11.23944092,0.507439031
LM-06-041,63.62394163,33.46265525,2.12771149,0.783251592,0.619769173,-48.0776062,-2.052793234
LM-06-042,70.92118869,14.31461583,9.229870071,0.008991593,0,13.80239868,0.618060977
LM-06-046,62.86590822,0,0,0.703055094,0,-13.96707153,-0.580520157
LM-06-048,8.915396283,0.00257076,0,44.57955217,35.31196175,-39.87237549,-1.698640466
LM-06-049,41.12856548,39.55361041,6.358716071,7.579280862,3.205759604,-30.2052002,-1.281387496
LM-06-077,0,0.731773421,0,83.04273195,62.99575391,-4.504455566,-0.172096342
LM-06-080,0,0,0,99.31422407,96.97950378,7.793609619,0.358710649
LM-06-081,20.08487547,0,0,59.68878994,55.05542415,-0.640167236,-0.005306588
LM-06-082,43.15588656,0,0,32.0596544,31.56528598,3.212158203,0.160966825
LM-06-083,35.87929401,0,0,20.25362949,19.95012469,9.48425293,0.431681907
LM-06-084,26.61219359,0,3.040715134,30.94908862,30.58174454,-23.93063354,-1.010565721
LM-06-085,92.43902439,0,0,1.424903723,0,-18.47174072,-0.77494992
LM-06-086,9.17287645,0,0,48.31309042,47.12296348,-1.956604004,-0.062126408
LM-06-087,12.65257088,2.472369053,0,16.63382989,9.221528111,-24.38241577,-1.030065468
LM-06-089,16.62241635,0,0,4.256594724,3.9068745,12.14233398,0.546409548
LM-06-090,14.39794893,0,0,21.88554208,21.78808642,8.633422852,0.394958524
LM-06-091,10.6004081,0,0,30.49240472,30.49034359,29.35998535,1.289554878
LM-06-093,18.71584699,76.12021858,4.234972678,0.027322404,0,-37.17349243,-1.582151736
LM-06-094,27.42149491,0,0,62.29544449,44.49358691,-20.78076172,-0.87461149
LM-06-099,62.5154321,24.47016461,12.23765432,0.776748971,0.771604938,-16.42645264,-0.686671545
LM-06-100,58.20368676,36.07007452,5.137926526,0,0,-27.2237854,-1.152704179
LM-06-109,100,0,0,0,0,8.936035156,0.408019825
LM-06-110,80.08086253,0,0,19.91913747,19.90566038,20.27276611,0.897333872
LM-06-111,35.5341689,0,0,64.4658311,64.4658311,13.41235352,0.601225914
LM-06-131,30.14366342,0,0,61.8778861,58.13237558,-24.6343689,-1.040940226
LM-06-135,98.21093457,0,0,1.222945077,0,-10.74072266,-0.441265038
LM-06-136,99.98491704,0,0,0.010055304,0.005027652,-28.8560791,-1.223156961
LM-06-142,87.60886571,1.606258149,0,6.868318123,6.868318123,-30.81799316,-1.307836761
LM-06-181,28.55691057,0,22.80778165,32.38966318,32.38966318,14.96051025,0.668047191
LM-06-187,38.52668779,0,0,1.346575676,0,7.144805908,0.330707094
LM-07-003,50.72135587,0.371183117,0.119058736,47.83359791,47.81258754,-19.31488037,-1.022164688
LM-07-004,49.94034091,8.448863636,6.602272727,20.63352273,18.68465909,7.61050415,0.142804458
LM-07-005,38.00601602,17.18189396,6.048635524,38.7634545,38.36117856,-3.881988525,-0.354436329
LM-07-006,34.68090723,9.86212918,11.62054052,38.17133343,38.10635749,-7.278991699,-0.501413018
LM-07-007,49.47908054,0.529188027,0,33.21206108,32.02138802,0.846984863,-0.149829851
LM-07-008,50.03050641,0,44.35631483,4.301403295,1.006711409,12.20257568,0.341487661
LM-07-009,0,0,38.5674451,10.05576856,10.05576856,-3.862670898,-0.353600521
LM-07-010,26.61700473,0,0,25.97379286,24.94166218,-9.420623779,-0.594074102
LM-07-011,60.60836864,31.81320512,1.399533489,2.922835245,2.922835245,37.94985962,1.455484431
LM-07-018,100,0,0,0,0,-4.429382324,-0.378120183
LM-07-019,0.01022704,0,0,23.74718756,3.998772755,-10.86434937,-0.656539162
LM-07-021,87.67816277,7.716706147,3.697755651,0.907375437,0.907375437,0.254333496,-0.175471845
LM-07-022,66.43532019,1.21311093,3.394377697,19.66056223,18.05085734,17.30322266,0.562175182
LM-07-023,69.61595273,0,4.822747415,23.65583456,22.58493353,3.88079834,-0.018567135
LM-07-024,28.86504707,54.40046039,9.52850742,5.890574259,5.890574259,34.63961792,1.312261613
LM-07-025,93.23361108,0,0,6.324666198,6.244352977,24.10882568,0.85663031
LM-07-027,66.03515179,1.506505364,0,26.46427756,26.46427756,14.13912964,0.425275717
LM-07-028,45.31348494,21.00082432,7.255653073,23.96515218,23.69684333,31.57843018,1.179814506
LM-07-029,32.53603844,0,56.49759744,10.96636412,9.941270689,48.13516235,1.896167587
LM-07-030,67.28069656,0,0,4.578570159,4.359414796,31.83499146,1.190915034
LM-07-037,0,0,0,21.35481206,20.57591314,-23.80389404,-1.216388931
LM-07-038,0,0.060006001,0,86.94869487,86.94869487,7.913482666,0.1559133
LM-07-041,49.50569305,0,0,40.68316629,40.67634826,12.17285156,0.3402016
LM-07-042,88.62742896,0,0,11.37257104,11.37257104,-6.21383667,-0.455327409
LM-07-043,69.76445396,9.388532001,9.921484654,10.92552938,10.92552938,-31.63201904,-1.555085082
LM-07-044,35.84756899,28.58081472,8.002628121,26.78055191,26.78055191,36.89645386,1.409907172
LM-07-045,100,0,0,0,0,11.86334229,0.326810194
LM-07-046,30.24932806,0,0.596551799,6.070406223,5.493520967,25.09280396,0.899203679
LM-07-049,32.32904536,50.92324737,10.26343325,0.747830369,0.597033298,-30.49810791,-1.506024632
LM-07-053,0.826777974,0.080269706,0,10.37084604,0,-36.86865234,-1.781656265
LM-07-054,11.15788596,0,3.542847616,29.29726576,22.31160387,15.20675659,0.471468277
LM-07-055,0,0,0,9.396255522,3.148446813,-23.12805176,-1.187147551
LM-07-056,0,0,0,6.882758621,3.572413793,3.786010742,-0.02266827
LM-07-059,35.77271551,0.012943308,0,25.3274657,24.6052291,44.9967041,1.76037725
LM-07-060,0,0,0,23.8360908,0,-15.67791748,-0.864805763
LM-07-061,98.59923144,0,0,1.400768563,0,-0.629577637,-0.213715652
LM-07-064,5.965292842,0,0.054229935,93.92624729,68.1670282,15.29238892,0.475173295
LM-07-066,45.27524133,0,0,51.36446648,51.36446648,22.7013855,0.795735195
LM-07-068,80.07799318,0,0,15.34365743,15.33990776,8.48425293,0.180608574
LM-07-070,96.24931806,0,0,0.709219858,0,-20.40426636,-1.069298688
LM-07-073,91.08576935,0,0,3.597815612,1.855123675,-3.800079346,-0.350892399
LM-07-077,0,0,0,4.283088235,0,15.30548096,0.475739742
LM-07-078,77.11874922,0,3.114530339,2.487901725,0,16.51824951,0.528212083
LM-07-079,99.7536693,0,0,0.246330699,0,-12.26818848,-0.717278471
LM-07-080,35.48120301,0,0,14.12781955,11.69172932,-44.11856079,-2.095334966
LM-07-081,58.36009509,0,0.938399299,25.06985861,25.06985861,4.561706543,0.01089343
LM-07-082,14.43286476,0,0,2.605428987,2.605428987,36.01403809,1.371728065
LM-07-088,66.46362487,0.861969889,0,1.643489254,1.643489254,16.17019653,0.513153023
LM-07-092,36.01018509,0.166487122,5.082753893,16.24718441,15.97297033,43.42419434,1.69234014
LM-07-093,71.35018291,0,0,0,0,23.43084717,0.827296502
LM-07-094,18.34761218,0,0,57.20586988,7.337348376,-30.19485474,-1.492903906
LM-07-095,41.01610905,0,0.061957869,0,0,9.666046143,0.231740718
LM-07-096,37.22983965,0,0,2.672554032,0,-4.483673096,-0.380469159
LM-07-097,96.41949778,0,0,0.862629247,0.862629247,4.556610107,0.010672925
LM-07-098,53.20923017,2.036067481,0,1.977894124,0.655419818,6.677093506,0.102418977
LM-07-102,14.69299747,0,10.90081457,5.171469642,2.758573482,-12.93692017,-0.7462122
LM-07-103,0.240553273,0,0,3.072065751,0.340783803,37.69641113,1.444518583
LM-07-105,0.133464181,0,0,1.385672228,0,-4.839202881,-0.395851715
LM-07-106,59.88715246,2.79891607,7.947585285,9.88158432,9.766509522,46.97106934,1.84580127
LM-07-108,0,0,6.389148737,12.04864359,0,2.147277832,-0.093570629
LM-07-109,0,0,0,0.60947023,0,10.54147339,0.269617456
LM-07-110,0,0,0,0.578865726,0,-8.056304932,-0.535044699
LM-07-111,68.52996506,0,0,2.548190858,2.545747722,33.97344971,1.283438797
LM-07-112,45.86202802,0,0,15.30515317,15.29921634,-21.41320801,-1.112952136
LM-07-114,82.11965812,0,0,1.811965812,0,0.295471191,-0.173691958
LM-07-118,20.47817048,0,0,54.57380457,54.53915454,-3.223297119,-0.325937008
LM-07-121,0.329151362,0,0,0.806182321,0.00477031,37.14544678,1.420680243
LM-07-122,0,0,0,5.898013516,5.898013516,19.49295044,0.656917201
LM-07-129,34.88098736,0,22.66529533,30.34969145,24.16397297,10.67797852,0.275523565
LM-07-142,67.21046681,0,4.797286383,9.853012437,0,14.94900513,0.460316255
LM-07-146,9.807602065,0,0,49.20225246,27.05302675,3.805603027,-0.021820579
LM-08-001,0,68.88002169,9.557199861,0,0,1.820861816,-0.737647538
LM-08-002,0,78.16439738,14.2713061,0,0,-8.044067383,-1.122976312
LM-08-004,32.76595745,42.12765957,25.10638298,0,0,-3.744537354,-0.955034647
LM-08-005,15.0536849,75.83814185,5.821342488,0.321379008,0,-15.90106201,-1.429874217
LM-08-006,14.8856936,40.61756491,23.6422882,13.6598738,13.39091755,-33.01412964,-2.098318686
LM-08-008,62.92771816,14.63859081,18.89046366,0,0,31.18148804,0.409192328
LM-08-009,22.27615965,12.8802589,42.63214671,0,0,69.3817749,1.901313497
LM-08-012,43.09109519,32.42351871,17.43432276,0,0,-3.078979492,-0.929037644
LM-08-014,3.416391251,45.18548776,33.12042779,3.067325188,2.517731813,64.14761353,1.696864692
LM-08-017,0,85.79698438,6.327409801,0,0,29.36071777,0.338072186
LM-08-018,8.369781312,18.03180915,60.24850895,0.487077535,0,15.92858887,-0.186593086
LM-08-019,10.18155927,50.86151655,28.8501246,5.40761837,5.393378426,38.65731812,0.701201767
LM-08-020,34.98203924,30.94777563,16.06797458,2.638850511,2.638850511,-28.55410767,-1.92410813
LM-08-022,21.68348511,2.116662565,1.452128969,54.09795717,48.5109525,77.43908691,2.216035893
LM-08-023,14.09313725,21.73516843,59.39542484,0.395927602,0.395927602,28.00091553,0.284957671
LM-08-024,88.55807889,1.868955775,4.73758557,0,0,-26.79107666,-1.85524331
LM-08-033,23.32210999,12.31200898,12.7328844,45.60044893,45.32547699,30.2611084,0.373241867
LM-08-034,87.17826501,2.85986654,3.836987607,0,0,43.7555542,0.900341266
LM-08-035,14.32585478,45.14228371,32.96681241,2.884381048,2.642104509,56.42852783,1.395353575
LM-08-041,6.906544313,18.81188119,22.02366578,0,0,35.27212524,0.568974541
LM-08-043,10.08476544,76.16697631,11.87296795,0,0,-41.9078064,-2.445709882
LM-08-044,52.50614513,3.045848028,16.38345624,1.314523886,0,15.01794434,-0.222163289
LM-08-046,54.03467268,16.36417403,6.291354009,14.87820205,14.83014823,15.79522705,-0.191802261
LM-08-048,5.190428042,62.01550388,32.79406808,0,0,-7.14956665,-1.088036693
LM-08-049,11.30382775,30.22328549,5.940988836,0,0,44.00027466,0.909900162
LM-08-050,0,22.43610482,70.72144937,0.113231964,0,-6.095153809,-1.046850831
LM-08-051,0,11.11528351,75.74164476,1.088997371,0,15.11550903,-0.218352366
LM-08-054,27.40136707,9.530519247,43.87216693,8.526202183,8.484230723,6.740264893,-0.545493341
LM-08-055,0,31.32451767,5.614567527,33.68740516,33.68740516,31.89480591,0.43705486
LM-08-057,0,94.84978541,5.150214592,0,0,22.6178894,0.074694139
LM-08-058,18.78990133,0.326465467,0,79.65031921,78.72896111,33.24621582,0.489841567
LM-08-062,41.15489291,48.09490001,8.774109573,0.029582298,0,27.30822754,0.257900952
LM-08-063,27.62270223,6.313053166,14.37766912,39.55561057,37.33366343,18.63363647,-0.080932654
LM-08-065,0,86.75607712,13.24392288,0,0,26.97702026,0.24496384
LM-08-066,0,80.63110797,8.289179324,0,0,-22.48205566,-1.686930924
LM-08-072,20.10150444,12.36179083,9.570418706,0,0,41.0043335,0.792877291
LM-08-073,0,50.11155734,11.24497992,2.186523873,0,-13.60604858,-1.340229913
LM-08-074,61.84678212,12.4328821,13.3555169,5.119866899,5.119866899,38.01852417,0.676250175
LM-08-075,4.495835692,59.77601682,20.31616398,0.885420878,0.218322956,-22.44125366,-1.685337178
LM-08-079,1.531601396,0.930593253,1.434664599,96.10314075,96.10314075,-7.709472656,-1.109906885
LM-08-081,32.92822271,45.33084034,16.81728472,3.02274852,2.565700634,62.63772583,1.637887769
LM-08-083,20.09549194,42.42104658,13.04097716,4.519568177,3.255929896,15.19689941,-0.21517322
LM-08-084,32.43319269,33.98030942,12.47538678,17.36990155,17.36990155,2.226806641,-0.721791143
LM-08-085,8.658256881,8.268348624,60.71100917,0,0,18.41040039,-0.089652361
LM-08-086,1.470530721,1.73256678,95.33419375,1.087254097,1.087254097,63.5447998,1.673318505
LM-08-087,1.581457114,36.88054566,60.90420716,0,0,21.48937988,0.030614026
LM-08-095,35.36464635,17.80882191,13.50786492,29.88670113,29.88670113,11.57421875,-0.35667683
LM-08-096,64.35171083,3.53335364,32.11493553,0,0,31.80395508,0.433506184
LM-08-098,24.89631473,39.89957341,14.90105463,0.186633487,0.106647707,21.59002686,0.034545344
LM-08-100,2.102496715,30.48620237,6.254927727,6.517739816,6.517739816,7.293487549,-0.523884204
LM-08-112,60.52469136,10.95679012,3.179012346,21.91358025,21.91358025,3.755218506,-0.662090657
LM-08-113,44.94101633,15.11645493,2.797943134,30.96642468,30.85299456,32.43719482,0.458240826
LM-08-114,38.71569704,14.79326747,36.37028906,10.12074643,9.476765459,32.24569702,0.450760832
LM-08-115,34.68085106,27.29349186,27.32790989,0.750938673,0.438047559,27.99267578,0.284635822
LM-08-117,10.66330814,21.04889233,22.70877737,4.81818769,4.727765937,36.38092041,0.612284602
LM-08-118,30.18862032,41.41839985,28.22434576,0.168634064,0,38.71429443,0.703427289
LM-08-120,22.73271675,29.49630714,45.00632111,2.012775301,2.012775301,3.425537109,-0.674968167
LM-08-123,5.036366131,43.51585014,44.26375738,1.111568547,0.823384109,82.49987793,2.41371277
LM-08-124,7.684538839,35.13441259,34.9324224,17.70384673,17.45729987,30.18786621,0.370380993
LM-08-125,8.109126536,36.980933,42.06797799,6.451126686,6.164744894,36.38208008,0.612329899
LM-08-133,44.21171353,13.33279626,32.0067671,8.531378394,7.419640699,9.680755615,-0.430636391
LM-08-136,12.65368852,42.90471311,37.03893443,3.765368852,3.637295082,15.52325439,-0.202425641
LM-08-137,25.03919451,8.89454064,31.3974149,24.09155837,24.09155837,-16.81787109,-1.465685211
LM-08-138,8.982379849,66.04172222,23.99540522,0.125125638,0,-13.04705811,-1.318395482
LM-08-140,13.36173509,29.55073586,51.70410534,3.292021689,2.672347018,40.15719604,0.759787704
LM-09-001,5.615479921,46.43247577,25.887326,2.867866774,1.268129145,17.12634277,-0.146620861
LM-09-002,41.58842836,45.36294939,10.3007404,0.286237692,0.099229066,30.27697754,0.355619983
LM-09-004,51.41413705,23.48547001,24.42247075,0,0,28.30090332,0.280150989
LM-09-005,86.05692357,2.714707032,6.37103365,2.97764986,0,37.83840942,0.644401476
LM-09-006,36.09943503,42.0700565,13.94350282,0.036158192,0,45.16497803,0.924213216
LM-09-007,33.13881671,28.04446905,1.341738723,20.07496699,14.02649402,44.31765747,0.891852878
LM-09-009,78.14930016,16.36858476,5.482115086,0,0,20.14648438,-0.031277496
LM-09-010,27.4811463,33.85620915,22.21216692,0,0,-3.417541504,-0.931220081
LM-09-011,93.72976657,5.452376896,0,0,0,-10.14660645,-1.188212335
LM-09-012,40.57623049,47.79911965,1.960784314,0.260104042,0,-14.38320923,-1.350014027
LM-09-013,32.75722387,12.989468,23.18390494,0,0,19.02011108,-0.074295242
LM-09-014,26.60729341,32.52508878,13.1047593,18.21561217,18.19933661,21.49511719,0.020228648
LM-09-015,52.19753905,31.25921014,15.63513115,0.541556145,0.447612732,45.83892822,0.949952302
LM-09-016,17.51045723,72.63522285,8.429251406,0.475984422,0.418289341,12.43084717,-0.325948302
LM-09-017,77.61422515,10.26848799,11.65803109,0,0,48.66079712,1.05772336
LM-09-018,6.004756243,90.27348395,1.46254459,0.606420927,0.606420927,-4.356628418,-0.967085103
LM-09-022,0,0,98.99986766,0,0,20.85940552,-0.004050056
LM-09-026,0,0,100,0,0,50.46264648,1.126538467
LM-09-032,91.19258662,1.643835616,6.817082998,0,0,13.81036377,-0.273262664
LM-09-034,5.927622866,39.66066507,7.252031356,8.769731897,0,7.629394531,-0.509322387
LM-09-036,19.92665933,36.01393473,2.871287129,40.52805281,40.52805281,25.4944458,0.172968513
LM-09-039,0,20.57382785,42.2773168,0.289913026,0,26.13952637,0.197605028
LM-09-042,15.10657856,60.61362887,21.0434119,0.249752849,0.117938845,69.58172607,1.856722436
LM-09-043,17.86336927,22.91370748,49.7608797,0,0,19.85873413,-0.042267074
LM-09-044,32.4688956,31.46024269,22.42844708,0.035840459,0,23.60083008,0.100648722
LM-09-045,43.56369533,8.694615348,40.7735966,4.635856346,4.635856346,21.66729736,0.026804446
LM-09-046,11.67623476,53.59396499,12.02732837,0.635764103,0.488684348,39.90744019,0.723420609
LM-09-047,23.68693594,5.237461163,47.25551117,0,0,-5.665222168,-1.0170621
LM-09-048,6.26697582,28.55912554,58.97316992,0.867837032,0.741967539,8.279571533,-0.484491233
LM-09-049,4.712236762,6.471571076,29.04514549,1.231616735,0.990917964,25.67477417,0.179855502
LM-09-050,1.766891937,4.758441009,29.60866518,1.667702644,1.466017748,27.38574219,0.245199725
LM-09-051,33.31374853,0,43.06698002,3.525264395,0,-52.88989258,-2.820637271
LM-09-054,72.19288983,1.746744104,3.893875396,0.285990848,0,34.09124756,0.501292206
LM-09-055,68.5874142,0.663321221,30.04556728,0.074984138,0,52.84069824,1.217359538
LM-09-056,49.98456075,42.95970357,0,0,0,54.84683228,1.293976558
LM-09-058,78.52709168,0,8.172766068,0,0,56.8057251,1.368789371
LM-09-069,0,90.23698264,3.212616822,0,0,-0.135437012,-0.805871993
LM-09-071,60.92314587,1.859735604,34.12502801,0.056016133,0,18.63201904,-0.089117012
LM-09-073,13.85145722,57.91287997,26.46505798,1.770604826,0,12.11871338,-0.337869121
LM-09-078,4.557229905,60.33495092,33.56441785,0.054730543,0,49.63043213,1.094755056
LM-09-081,43.02499068,37.6888288,17.73591943,0.664397613,0.1538605,51.64004517,1.171504944
LM-09-084,1.802336129,0.368421787,23.103814,6.667178364,6.614845723,16.11328125,-0.185311075
LM-09-085,31.40296782,23.92561187,22.50915398,3.488148005,2.794372712,1.690307617,-0.736144292
LM-09-087,0.973556702,41.52369113,32.00155769,0.041188937,0,14.38830566,-0.251190267
LM-09-088,8.218800161,73.60553772,13.21980337,0.290930979,0,32.01266479,0.421908269
LM-09-089,0.120282187,15.26948854,37.96931217,0.446208113,0.08324515,41.62927246,0.789179754
LM-09-090,0,57.6326994,26.11934758,0.270311579,0.182973427,2.968841553,-0.687315321
LM-09-092,6.378400533,6.073853966,48.13885046,4.833467106,4.029122621,-7.854278564,-1.100665177
LM-09-093,1.350113379,40.21133787,35.82086168,0.109297052,0,25.83950806,0.186146915
LM-09-099,3.018257291,69.85084603,10.43726035,15.46768917,15.11239315,22.85107422,0.072014513
LM-09-102,28.55351919,35.91427377,29.63703659,0.841740792,0.420870396,-2.826416016,-0.908644185
LM-09-103,91.50398406,1.374501992,3.585657371,0,0,24.73526001,0.143974162
LM-09-104,57.85973934,3.976416349,37.87126518,0,0,57.10003662,1.380029534
LM-09-105,52.86224126,2.655246253,2.633832976,1.206281228,0,47.29550171,1.005580849
LM-09-106,31.41854451,7.997783524,35.62984854,3.546361286,2.710565201,8.083496094,-0.491979624
LM-09-107,18.93380795,40.3424019,18.38291381,4.415628443,0,23.0894165,0.081117133
LM-09-108,0,91.06688024,5.293700601,0.449019247,0,5.33480835,-0.596955792
LM-09-109,4.199811821,45.35967839,47.6007185,1.300145411,0,33.43557739,0.47625126
LM-09-114,0,0,0,0.264741276,0,0,0
LM-09-122,0,50.21123132,21.24678001,0,0,13.537323,-0.283690467
LM-09-127,0,56.30495038,30.36390189,2.744911036,0,34.52185059,0.517737528
LM-09-128,49.38520009,24.52492734,26.08987257,0,0,8.340667725,-0.482157885
LM-09-134,0,57.83122707,41.157766,0,0,-1.928192139,-0.874339779
LM-09-137,8.546296093,51.64410907,34.63926119,0.612016584,0,-25.45526123,-1.772870934
LM-09-138,12.18873415,17.22718769,60.63188526,0,0,13.00466919,-0.304033249
LM-09-139,29.13222339,39.84553887,24.24224784,0.089261458,0,12.10098267,-0.338546281
LM-09-140,37.56084656,31.16931217,30.69312169,0,0,5.89831543,-0.575434681
LM-09-142,0,41.92143526,49.20706527,0.105840303,0,18.22198486,-0.104776781
LM-09-143,0,61.58169177,25.5967555,0.158362302,0,39.94403076,0.724818053
LM-09-144,0.757083442,62.69495711,2.564769084,0.051988563,0,75.28179932,2.074416079
LM-09-146,73.43276036,0,21.43579373,4.423660263,4.423660263,19.26715088,-0.064860452
LM-09-147,35.23671096,0,64.55564784,0.207641196,0,18.19732666,-0.105718512
LM-09-165,0,0,10.95761803,3.433476395,0,72.61453247,1.972549487
LM-09-166,0,49.32613809,42.24712882,0.874498409,0,37.53442383,0.632791848
LM-10-001,0,0,0,91.74461674,35.75240128,-51.91525269,-1.814625573
LM-10-005,0,0,0,77.95119183,17.09704881,-14.19088745,-0.234541248
LM-10-011,48.2796395,0,6.094706966,24.61783598,24.61783598,12.01602173,0.863134648
LM-10-012,11.99227343,0,0,15.79653378,10.60793046,-6.517791748,0.086846221
LM-10-013,88.33167207,0,0,11.66832793,11.66832793,32.03967285,1.701824897
LM-10-018,34.18282548,10.47091413,8.36565097,44.26592798,44.26592798,-5.321411133,0.1369566
LM-10-023,74.91212082,10.7114959,5.50709543,6.047389663,0,-1.565307617,0.294280925
LM-10-024,73.07372275,0,9.435846231,12.36478615,6.465302047,-13.46234131,-0.204026106
LM-10-027,23.79923761,0,0,31.30241423,21.44218551,-0.159545898,0.353161228
LM-10-031,100,0,0,0,0,-11.65667725,-0.128395901
LM-10-032,56.17609605,2.378570129,7.335819538,7.886119702,7.886119702,22.32797241,1.295050508
LM-10-034,57.10642533,0,0.304783231,11.56310257,1.741618461,-57.57028198,-2.051486368
LM-10-038,77.19346298,0.419976262,16.88121976,2.145530905,1.698164886,-12.77642822,-0.17529665
LM-10-040,98.73493647,0,0,0.659796063,0.659796063,46.74862671,2.317909152
LM-10-045,61.47112909,3.273262229,6.601691798,25.0974623,25.0974623,23.35205078,1.337944011
LM-10-048,6.643511676,16.28731895,3.199822643,2.106118829,0,18.23291016,1.123528903
LM-10-049,66.08863198,33.91136802,0,0,0,-38.5418396,-1.254480418
LM-10-051,13.68334701,4.59392945,7.202625103,1.132075472,1.132075472,10.32232666,0.792194262
LM-10-053,22.37837838,63.45495495,13.99099099,0.175675676,0,-10.25689697,-0.069766131
LM-10-054,16.45187826,41.89744996,35.90622429,5.744447491,5.744447491,-18.09796143,-0.398188967
LM-10-055,21.07294118,2.371764706,55.79294118,14.92705882,14.92705882,-9.473632813,-0.036959126
LM-10-058,68.86817577,0,24.66932978,6.462494452,6.462494452,-8.461669922,0.00542692
LM-10-059,0,55.03836317,44.96163683,0,0,-27.18939209,-0.778983369
LM-10-061,82.47468076,3.522677235,14.00264201,0,0,28.03646851,1.534150759
LM-10-066,73.28580097,0,1.415857605,16.70206311,16.45934466,9.695678711,0.765947125
LM-10-067,73.10453937,0,0,26.89546063,26.89546063,-37.50509644,-1.211056451
LM-10-068,80.5070672,0,0,5.476621028,5.476621028,31.06036377,1.660806555
LM-10-069,35.7937051,6.303455354,5.242901129,11.03318508,11.03318508,2.608886719,0.469116976
LM-10-074,2.468718296,0,0,97.5312817,97.5312817,-48.24850464,-1.6610439
LM-10-075,60.93366093,0,0,31.28583129,4.340704341,18.02331543,1.114750032
LM-10-078,16.57394295,1.461662958,0,30.36617439,26.87639086,7.788238525,0.686054029
LM-10-079,16.10822433,3.099802903,0,20.53395449,20.03225228,-13.17379761,-0.191940459
LM-10-085,47.40391099,0,0,52.59608901,52.59608901,26.40875244,1.465973902
LM-10-091,69.40361786,0,0,11.64499717,11.64499717,-9.181793213,-0.02473543
LM-10-093,50.35606282,29.5385816,8.386173707,11.39726206,11.16964199,13.44219971,0.922870086
LM-10-094,28.00726532,45.16608416,20.41995762,4.516058012,4.177560063,17.02435303,1.07290851
LM-10-097,33.4956888,0,8.517080234,11.16303561,8.517080234,-13.87341309,-0.22124384
LM-10-099,14.39656746,0,0,0,0,9.393676758,0.753297779
LM-10-100,67.27646454,32.72353546,0,0,0,-2.553161621,0.252904679
LM-10-102,90.83746717,0,0,2.509483513,0.992121389,-7.366088867,0.051315312
LM-10-107,50.88194274,29.60866355,13.91418492,0.845024202,0.467634753,14.64437866,0.973223329
LM-10-119,21.70850506,0,0,4.578493818,0.734357437,14.6807251,0.974745699
LM-10-122,34.3451729,27.42919731,29.9796589,1.157878266,1.157878266,0.442840576,0.378392174
LM-10-131,0,0,0,19.09250679,0.078109744,17.4967041,1.092692926
LM-10-134,6.088560886,0,0,20.74620746,0,-15.01852417,-0.269206796
LM-10-136,59.44444444,0,0,32.59259259,0,-6.779510498,0.075884136
LM-10-137,69.19334692,19.9723884,1.932811781,1.203076721,1.203076721,50.13705444,2.459833384
LM-10-139,0,0,38.98963731,5.116580311,1.06865285,11.94256592,0.860057953
LM-10-140,6.108360644,16.70734258,21.73488599,32.20138066,3.165748553,-32.22610474,-0.989945983
LM-10-191,43.84711556,36.39680555,6.087821805,13.50496262,13.33401373,41.35366821,2.091941417
LM-10-198,23.76774194,0,0,34.14193548,0,16.11499023,1.034819867
LM-10-199,68.22498712,11.81992196,7.185452404,1.306780534,1.152175514,-26.02328491,-0.730140992
LM-10-200,1.760498808,0,0.757992542,29.39054954,23.88287793,-14.03585815,-0.228047848
LM-10-204,49.35911362,23.33260917,3.682381056,23.62589615,0,17.13964844,1.077737656
LM-10-208,45.44201275,21.19593314,11.64914699,4.01516457,2.774427021,16.09375,1.03393022
LM-10-220,22.58278797,2.999065099,20.76465089,34.31210943,33.61216356,-48.84500122,-1.686028148
LM-10-222,6.84166434,53.58838313,10.51382295,2.611002513,2.611002513,-23.60400391,-0.628809453
LM-10-223,6.732550957,54.60160593,0,22.48301421,0,0.904846191,0.397743271
LM-10-226,6.020443857,39.76835477,54.21120137,0,0,-26.18841553,-0.737057484
LM-10-229,17.59142497,54.40100883,15.22068096,12.78688525,12.29508197,-20.21621704,-0.486912064
LM-10-251,16.5698131,65.60389508,15.06203864,2.76425318,1.978953981,3.007110596,0.485796576
LM-10-257,13.95684397,9.601888896,66.59014888,4.184429724,3.790909687,-1.419250488,0.300398525
LM-10-258,41.72883042,37.64184638,15.00519915,0,0,-74.70092773,-2.769003142
LM-10-259,10.52978677,89.47021323,0,0,0,-25.33273315,-0.701217244
LM-10-265,64.13913439,0,35.86086561,0,0,-6.992736816,0.066953156
LM-10-268,28.56406368,51.18119788,14.56861259,5.492039424,5.273692191,10.25262451,0.789274789
LM-10-270,20.91717621,52.14563646,7.448582546,19.48860478,19.48860478,-13.02209473,-0.185586386
LM-10-271,0,0,0,30.01735107,0,-11.3692627,-0.116357548
LM-10-272,0,0,0,40.68015497,35.17003874,-5.091430664,0.146589328
LM-10-284,100,0,0,0,0,-3.033325195,0.232793037
LM-10-287,69.09133055,0,1.381548447,29.527121,29.24432082,3.69229126,0.514495355
LM-10-288,0,28.28673409,64.75312314,6.960142772,6.960142772,-0.643615723,0.332885973
LM-10-289,75.5399568,10.90712743,10.74514039,2.807775378,2.807775378,-25.92834473,-0.726164424
LM-10-292,64.12717457,4.799040192,9.838032394,3.347330534,2.867426515,2.615722656,0.469403299
LM-10-293,96.73144876,0,0,3.268551237,3.268551237,15.15112305,0.994448308
LM-10-295,29.49153405,1.078756885,31.84495414,35.78470659,35.33056011,-16.85247803,-0.346021919
LM-10-304,93.60872954,0,0,6.39127046,6.39127046,1.339050293,0.415929901
LM-10-306,23.3868655,30.6997419,14.92687124,29.95411529,29.49526814,13.32235718,0.917850484
LM-10-307,39.17858295,0,0,13.46898183,2.967422858,18.01452637,1.114381902
LM-10-310,46.95978682,3.221899225,12.26986434,33.79360465,33.79360465,-16.22268677,-0.319643124
LM-10-324,27.99707602,0,55.51169591,16.49122807,12.16374269,-39.2411499,-1.283771017
LM-10-326,23.33126679,39.62595578,32.66170696,4.381070469,4.381070469,-7.922332764,0.028017047
LM-10-327,26.84944711,38.49634528,31.1735254,2.13660339,1.472596321,-24.31796265,-0.658713601
LM-11-001,61.92277245,0,0,28.76242414,27.8828393,-6.49118042,-0.109006525
LM-11-002,69.00644588,1.298066237,0,13.88753056,3.756390309,9.80355835,0.547830584
LM-11-003,45.78430735,0.442046415,0,52.91122235,52.76820733,12.38665771,0.651954716
LM-11-004,96.79300292,0,0,3.206997085,3.206997085,17.47744751,0.857163262
LM-11-009,86.66471278,0,1.025791325,10.25791325,8.939038687,25.64373779,1.186344514
LM-11-011,68.3061204,0.95161775,0.580987679,21.15596514,19.86376841,87.26599121,3.670323141
LM-11-012,24.16020672,1.82314097,1.82314097,72.19351134,72.19351134,-17.11624146,-0.537300251
LM-11-013,36.30253531,0,0.408371618,58.14190914,57.88667688,12.96105957,0.67510872
LM-11-016,83.47657245,0,0,0.350140056,0,-13.46420288,-0.39008743
LM-11-022,60.15649952,0.467103162,1.141807729,9.745289045,8.383902906,36.83383179,1.637414586
LM-11-025,0,0,0,31.61094225,30.09118541,22.69119263,1.067328109
LM-11-026,2.047557946,0,0,3.205110705,0,-17.7845459,-0.564239447
LM-11-027,52.53982567,0.60114217,0,46.85903216,45.28604348,-7.240631104,-0.139216707
LM-11-033,0,0,0,100,100,-19.55737305,-0.635701695
LM-11-034,86.18012422,1.397515528,1.002258611,3.642010164,0.282326369,9.848937988,0.549659827
LM-11-035,68.35066865,1.783060921,0,11.66419019,7.429420505,-49.9303894,-1.860030882
LM-11-038,68.87121032,0,0,0.186020739,0.186020739,-46.24407959,-1.711436596
LM-11-039,55.44020493,1.388701631,6.026695429,31.45476608,18.83510853,-4.930541992,-0.046097555
LM-11-040,41.92505687,9.337962409,2.753501736,39.51873578,10.73865677,-17.87496948,-0.567884401
LM-11-042,48.97679267,1.492291655,0,31.29423383,24.31008943,-5.926544189,-0.086246171
LM-11-043,41.05154105,0,19.99481999,25.17482517,25.17482517,7.376220703,0.449985172
LM-11-048,0,15.26821518,23.53030188,0,0,3.820922852,0.306671946
LM-11-083,100,0,0,0,0,41.15887451,1.811756047
LM-11-086,100,0,0,0,0,-20.08032227,-0.656781656
LM-11-088,17.29794214,0,1.043841336,17.29794214,8.648971071,17.11245728,0.842450591
LM-11-089,0,13.15136476,0,0,0,3.993469238,0.313627251
LM-11-091,56.20107359,2.135987475,0,2.309326773,1.543278909,-11.1730957,-0.297733436
LM-11-092,67.40993354,0,0.349772648,12.45190626,6.771015507,-10.0953064,-0.254288001
LM-11-093,99.4760479,0,0,0.523952096,0,-30.87094116,-1.09174898
LM-11-094,19.84095427,0,0,67.51491054,63.61829026,3.886047363,0.3092971
LM-11-097,9.454721315,0,0,32.26937492,9.394269133,3.948181152,0.311801699
LM-11-101,0,0,0,100,100,1.160766602,0.19944167
LM-11-103,10.95175713,0,0,88.36703309,87.66417953,9.980957031,0.554981484
LM-11-104,40.16615239,27.60503204,6.726798006,4.068359839,0,38.15490723,1.690666829
LM-11-112,84.96856544,0,0,9.049342732,9.049342732,-29.20098877,-1.02443359
LM-11-115,99.39683206,0,0,0.603167943,0.603167943,-1.272399902,0.101361297
LM-11-116,33.67183324,5.986103688,0,45.4302512,45.4302512,9.651397705,0.541697024
LM-11-117,45.96185738,0.619126589,0,14.27307905,0,4.526489258,0.335113163
LM-11-119,37.41325309,3.064545845,0,17.82841,9.648099245,13.75949097,0.707293303
LM-11-120,69.08843007,0,0,0.798597585,0,33.21044922,1.491356882
LM-11-124,47.85709525,2.712790775,0,2.639472106,1.133106712,3.208648682,0.281991318
LM-11-126,34.31474726,0,1.087806149,3.706357478,0.397342366,28.17922974,1.288549601
LM-11-128,37.11214455,1.959289472,28.33346039,20.07318747,19.07067165,-10.21292114,-0.259029024
LM-11-130,0,100,0,0,0,12.72906494,0.665757071
LM-11-131,99.00455063,0,0,0.405290102,0.405290102,7.057830811,0.437150949
LM-11-134,16.61737872,0,1.982004656,19.76970994,19.19083873,4.641387939,0.339744702
LM-11-135,75.01213592,0,0,20.42475728,20.42475728,36.17468262,1.610844438
LM-11-137,2.638558385,27.83013429,53.63076955,1.604939566,1.117482415,27.03616333,1.242472862
LM-11-138,0.601736577,29.7692013,58.67649876,5.979058929,5.801889804,5.184997559,0.361657479
LM-11-143,70.76719577,9.523809524,0,3.703703704,3.703703704,2.003448486,0.23340998
LM-11-145,56.21148877,0,0,14.07274896,13.36712383,8.703430176,0.503484675
LM-11-147,87.53168568,0,0,12.46831432,12.46831432,-1.452575684,0.094098454
LM-11-148,6.096730245,0,0,9.877384196,9.877384196,-19.31835938,-0.62606711
LM-11-152,46.1063002,0.420431727,1.220507028,18.15700301,14.59588353,-1.072845459,0.10940529
LM-11-155,23.37504152,32.87565054,29.09976747,0.575794486,0.476137748,-3.288543701,0.020091012
LM-11-156,2.446332672,32.280011,61.48980212,0.222920255,0.043426024,-4.898986816,-0.044825573
LM-11-157,0,2.186495177,54.21221865,24.24437299,22.89389068,25.87127686,1.19551656
LM-11-161,37.54171942,6.237771896,4.229485556,14.22488203,11.91736679,25.70077515,1.188643676
LM-11-162,20.35347229,0,0,48.26625684,46.44126405,-1.858703613,0.077727532
LM-11-163,0,1.374650513,0,22.34389562,20.50326188,2.439086914,0.250970463
LM-11-169,53.34092018,0,0,0,0,-2.292327881,0.060248239
LM-11-171,24.54295016,0,0.275482094,9.172301528,7.763586276,-6.112457275,-0.093740284
LM-11-172,0,0,0,13.74618162,7.775617884,-16.96734619,-0.531298318
LM-11-175,0,0,0,60.53889613,60.53889613,13.30151367,0.688832346
LM-11-177,57.14285714,17.71428571,0,2.285714286,0,-12.41345215,-0.347731914
LM-11-181,36.50850815,0.387143243,0,63.10434861,63.10434861,7.03137207,0.436084404
LM-11-189,28.10090433,52.56544503,1.170871014,6.75868634,5.997144217,6.47076416,0.41348643
LM-11-190,0,0,1.219977125,8.234845597,0,11.53509521,0.617628431
LM-11-191,0.701861459,0,0.915471468,2.56332011,0,-18.10455322,-0.577138867
LM-11-200,9.862121792,0,6.27154347,4.346993489,0.045480659,7.645202637,0.46082777
LM-11-201,0,4.315196998,0,0,0,-0.450958252,0.134473418
LM-11-202,53.60623782,0,0,24.95126706,23.19688109,40.61941528,1.790010572
LM-11-203,100,0,0,0,0,61.82400513,2.64476263
LM-11-204,10.75697211,4.780876494,0,80.07968127,80.07968127,20.14498901,0.964691236
LM-11-205,22.75438596,27.9122807,10.50877193,38.8245614,37.80701754,-1.97052002,0.073220238
LM-11-206,39.32373889,36.10764373,13.19847272,4.244070783,4.152287246,6.43069458,0.411871235
LM-11-209,3.878560422,32.64527514,57.09101755,1.611820848,1.386886713,8.6015625,0.499378413
LM-11-210,0.956793536,67.18861496,22.15298646,3.920642419,3.750791465,-6.903503418,-0.125627169
LM-11-213,0,0,85.81184505,1.495349111,1.495349111,9.747650146,0.545576938
LM-11-221,27.96902696,34.35488385,3.419162235,27.96902696,26.1451628,-53.05673218,-1.986053028
LM-11-256,18.42751843,0,0,75.7002457,75.7002457,79.85345459,3.371525523
LM-11-257,46.64440735,4.248747913,3.555926544,17.33722871,13.13439065,1.634643555,0.218543539
LM-11-259,0,0,72.66106443,24.87394958,24.87394958,4.614746094,0.338670776
LM-11-260,54.24484365,42.96739854,1.576846307,0.149700599,0,15.65118408,0.78354701
LM-11-261,42.72016016,39.72234662,9.575617081,2.304997234,0,-24.8972168,-0.850949548
LM-11-263,14.50179428,15.14907603,23.63416843,0.315256397,0,-0.125305176,0.147600417
LM-12-001,0,0,0,72.13382293,14.27988576,-89.75088501,-3.357530373
LM-12-002,10.29893083,0,0.098188959,86.98087134,64.13193687,-6.981964111,-0.172375701
LM-12-003,18.58518208,0,0,11.09250733,0,-18.57662964,-0.618567371
LM-12-004,41.37123746,0,0,39.89966555,0,-28.57397461,-1.00329016
LM-12-008,0,0,75.87819467,21.44643828,21.29418162,0.705078125,0.123440872
LM-12-010,78.16968541,0,0,20.40038132,0,-20.93365479,-0.709271582
LM-12-018,7.286698463,0,0,48.0127186,48.0127186,-22.5848999,-0.772815616
LM-12-019,26.31291028,2.078774617,0,45.67833698,44.74835886,6.982208252,0.365000507
LM-12-020,45.82859741,19.68629234,3.909979541,17.52671062,17.18572403,-14.31832886,-0.454697328
LM-12-021,58.99907189,1.120868137,1.956164775,24.42350253,23.58106661,-28.33084106,-0.993933774
LM-12-022,47.29185609,1.039095986,2.045720223,28.97778932,27.51006624,-6.505950928,-0.154057525
LM-12-023,28.5454958,1.304742455,2.575448151,60.19968232,59.98411618,-32.96115112,-1.172119662
LM-12-025,1.587952054,0,0,14.26083393,0.809343305,-27.69049072,-0.969291494
LM-12-028,16.38760988,0.683689131,1.667364309,39.1656202,25.91739919,21.55511475,0.925802324
LM-12-029,28.1535649,0,0,2.401529001,0,-39.62463379,-1.428547108
LM-12-030,16.92787396,1.099532289,0.738491836,27.15188315,26.41339132,-20.58068848,-0.695688557
LM-12-032,0,0,0,100,89.38992042,24.15777588,1.025959221
LM-12-035,0,0,0,100,100,15.20526123,0.681444111
LM-12-036,12.75385865,0,0,83.17279796,82.25600557,12.65332031,0.583239055
LM-12-040,0,0,0,1.164493411,0,26.06378174,1.099307084
LM-12-042,17.67049291,10.12829169,0,43.27481431,32.50506415,34.04711914,1.406525834
LM-12-045,72.78065317,15.03980145,3.271890796,1.118375253,0.708253882,12.71707153,0.585692361
LM-12-048,25.83529202,14.6886436,0.901490583,22.10288298,21.70271637,55.63851929,2.237416805
LM-12-050,14.09188892,69.95646477,3.250348705,1.344097384,1.149668202,0.252868652,0.106038723
LM-12-051,29.6160229,17.54310399,3.38751156,32.87685116,32.34098078,-7.638763428,-0.197650978
LM-12-053,8.82206157,1.939228016,0,42.19246838,42.01423051,-35.6937561,-1.277277123
LM-12-054,20.18514132,1.262824134,3.278240429,37.27517904,36.41598484,29.48291016,1.23088368
LM-12-055,17.22312976,0.913268182,10.04021819,36.38552145,36.2871254,-22.69085693,-0.776893107
LM-12-056,0.717017208,73.18355641,1.845124283,9.875717017,9.875717017,-11.43322754,-0.343671428
LM-12-057,17.13555682,9.483813096,0,16.92897333,16.86645465,-1.619689941,0.033977994
LM-12-059,0,6.573705179,22.31075697,1.752988048,0,22.26513672,0.953125742
LM-12-060,47.61565836,2.526690391,0,0.213523132,0,-6.086242676,-0.137906104
LM-12-061,18.19118924,43.15863715,0,4.983181424,4.91265191,17.70812988,0.777760744
LM-12-062,10.86509778,74.22605237,0,12.35664567,12.31687106,38.42434692,1.574972485
LM-12-064,33.67080745,25.72670807,0,22.62732919,21.94409938,36.01519775,1.482262411
LM-12-066,22.85970011,1.172045386,18.27008593,7.285488503,4.53636513,44.33129883,1.802286738
LM-12-067,37.57100006,2.06777714,2.252855958,0.453124003,0,54.80773926,2.205446316
LM-12-069,0,0,0,0,0,-9.189788818,-0.257338306
LM-12-070,0,0,0,52.29156509,51.36518771,21.55834961,0.92592681
LM-12-071,72.56844759,0,0.32560745,1.42497024,0.469154821,4.494506836,0.269267547
LM-12-072,8.663501917,0,0,86.36114661,84.65400767,34.34606934,1.418030184
LM-12-075,20.59139785,0.053763441,0,47.47311828,47.47311828,6.357177734,0.340947773
LM-12-079,70.74057987,0,0,29.25942013,29.25942013,21.29949951,0.915965612
LM-12-082,22.1652701,30.56694598,12.30165805,1.016223926,0.864681761,5.638702393,0.313299048
LM-12-083,0.841624207,78.99345719,0,4.785761932,4.700606026,-18.12503052,-0.60118871
LM-12-086,6.358129127,76.0887955,0.439338536,1.73825247,1.690498281,-15.04058838,-0.482491677
LM-12-088,17.27427422,0.948795957,54.30309906,14.81978033,12.40653844,-0.03125,0.095105128
LM-12-089,84.83547926,0,15.16452074,0,0,1.700622559,0.161751907
LM-12-090,36.44341335,0,0,10.61125681,9.562235223,33.70889282,1.393510041
LM-12-105,0,8.092858294,0,22.53748186,21.94099629,12.35092163,0.571601999
LM-12-106,50.65649687,2.601470989,0,6.169980932,5.578861346,13.8838501,0.630592912
LM-12-131,19.52305837,20.40456528,0,4.194117101,0,-52.84130859,-1.937157744
LM-12-132,17.37833179,0,38.63545949,40.35273836,5.39053176,-0.27947998,0.085552619
LM-12-134,74.66216216,11.82432432,0,12.16216216,12.16216216,-19.06906128,-0.63751737
LM-12-141,0,28.88243832,1.261583119,15.97633136,0,-2.117553711,0.014818953
LM-12-144,0,0,71.35291286,21.81030332,0,13.24084473,0.605848461
LM-12-146,0,0,0,46.58008658,0,11.51062012,0.539265099
LM-12-162,2.408419348,2.408419348,2.408419348,55.4948391,0,46.70077515,1.893470101
LM-12-170,19.83894583,0,0,10.54172767,3.733528551,-20.9085083,-0.708303882
LM-12-171,10.83925014,0,22.13311539,67.02763447,45.56367166,-16.64129639,-0.544090917
LM-12-172,15.65377532,0.699815838,0,1.767955801,0.331491713,24.92816162,1.055605587
LM-12-173,0,0,0,74.88284911,74.88284911,-5.467193604,-0.114083551
LM-12-176,64.67065868,0,0,0,0,22.28399658,0.953851516
LM-12-192,1.986429344,1.189890845,11.10236995,2.841970695,0.462189006,3.225891113,0.220448048
LM-12-193,11.92359475,31.6139347,9.12150791,21.32699428,20.46869741,30.1836853,1.257851257
LM-12-196,38.18774282,1.090362201,4.749968668,18.40456198,18.16017045,17.04129028,0.752099092
LM-12-197,32.02373798,0.217848558,0.908954327,3.891225962,2.388822115,33.7355957,1.394537635
LM-12-198,70.790463,1.450583696,2.246982588,1.340522359,0.625741987,17.77130127,0.780191737
LM-12-199,34.19786023,3.211034407,6.600841607,21.15157183,20.89028851,21.86071777,0.937562691
LM-12-200,31.948442,10.84501314,0.549055187,17.08015267,16.59053936,-1.313903809,0.045745408
LM-12-217,0,0,0,1.844317874,0.081366965,30.04977417,1.252698022
LM-12-221,15.51083591,0,0,33.09597523,33.09597523,-22.95471191,-0.787046905
LM-12-222,0,0,5.608283003,67.90336497,67.90336497,28.82424927,1.205536765
LM-12-374,39.51469718,0,0,13.68448741,0,16.34835815,0.725433334
LM-12-375,0,0,5.288308378,14.17648933,0,13.52111816,0.616634082
LM-12-397,0,0,0,2.809243317,0,16.28045654,0.722820311
LM-12-398,0,0,0,2.872628726,0,14.14654541,0.640702084
LM-12-401,12.29183188,4.480570975,0,73.55273592,73.55273592,18.42489624,0.805343703
LM-12-403,20.29109589,0,0,79.70890411,79.70890411,21.97494507,0.941958443
LM-13-001,9.821249247,0,0.84354288,47.39907612,0,5.498504639,-0.115052972
LM-13-006,0,0,1.471518987,39.71518987,0,17.33596802,0.335096813
LM-13-007,58.06507293,2.002243894,4.021748511,10.73616985,10.22697851,30.02334595,0.817566769
LM-13-009,96.2452678,0,0,0,0,61.0737915,1.998339281
LM-13-011,4.589114194,81.10992529,8.03094984,0,0,-25.97689819,-1.31198557
LM-13-017,53.46639239,7.266359037,2.118196475,32.16767666,31.99532996,32.52844238,0.91282946
LM-13-018,39.62314939,3.068640646,0,57.30820996,57.30820996,-0.131286621,-0.329140166
LM-13-022,20.76634931,22.01498361,0.678944904,44.11581083,43.60855314,-0.018066406,-0.324834678
LM-13-024,20.05304537,77.95775315,1.169839917,0.336269774,0,-4.010009766,-0.476638522
LM-13-025,61.86646635,24.17480447,0,2.222614997,0,26.74664307,0.692961771
LM-13-027,0,0.594906116,0,40.41643428,8.328685629,22.51062012,0.531876178
LM-13-028,0,0.383263121,0,53.40977479,41.42725919,-0.224182129,-0.332672755
LM-13-029,12.1448468,57.46120175,2.427377636,12.39952248,0,-16.62710571,-0.956435827
LM-13-030,92.4512987,5.742694805,0,0.872564935,0.872564935,23.37179565,0.564624577
LM-13-036,49.8891493,5.827579654,0.715778805,38.04396022,36.91011592,-31.06173706,-1.505349558
LM-13-037,2.722950583,2.98227921,2.766172021,86.22676848,47.38510301,41.01196289,1.235436999
LM-13-039,67.82700422,4.720464135,0,26.9778481,26.3185654,-1.453430176,-0.379418052
LM-13-051,42.16025415,22.51323685,0,18.32686198,18.2633251,8.56048584,0.001386685
LM-13-054,2.790880503,0,0,74.76415094,0,-0.762145996,-0.353130205
LM-13-055,28.17689423,0,0,0.797571573,0,15.17675781,0.252987329
LM-13-057,0.289261179,78.32951669,10.63034832,0.530312161,0,-2.212097168,-0.408268303
LM-13-063,55.90868397,29.31960609,0,1.656222023,0,21.31243896,0.486312278
LM-13-064,9.466882068,0.947765213,0,77.80290792,0,10.79043579,0.086186229
LM-13-069,41.81345654,12.09933584,4.302627779,29.30984695,27.89488882,-1.853363037,-0.394626521
LM-13-070,0.518543569,0.011272686,0,6.199977455,1.657084883,34.35540771,0.982304484
LM-13-075,26.94266589,23.19800155,1.176270858,39.30199845,32.19101669,89.03625488,3.061683383
LM-13-077,4.785283161,48.71920755,4.560025414,15.00851936,12.72128686,37.74874878,1.111344947
LM-13-084,25.76587243,2.693503034,0,2.885896108,0.621577623,-0.140075684,-0.329474393
LM-13-086,54.53863466,0,0,23.35583896,10.55263816,-23.74737549,-1.227202274
LM-13-091,9.989258861,51.38867577,4.204388522,28.06506061,27.68912076,12.89697266,0.166292674
LM-13-092,0,0.526615428,0,12.85226302,12.76686593,-3.043121338,-0.43987012
LM-13-098,0,68.45714286,0,29.42857143,28.8,-8.202087402,-0.636052983
LM-13-099,46.00202429,27.64844804,16.04251012,9.446693657,4.875168691,31.36682129,0.868655851
LM-13-100,99.8882795,0,0,0.111720496,0,39.55273438,1.179946107
LM-13-108,67.63348207,0.007693491,0,32.01261733,31.4202185,16.03900146,0.285776346
LM-13-109,37.08669469,0.863538234,0,50.68742188,50.1874787,12.89102173,0.166066375
LM-13-110,41.11061198,3.334600366,0.411209786,24.36849926,23.58754622,31.00698853,0.854972291
LM-13-111,42.33222761,0.637917836,0,36.9992345,15.53967849,17.14520264,0.327842472
LM-13-113,18.66775835,19.7087549,13.55050003,26.48108076,21.45154687,-18.22579956,-1.017230244
LM-13-115,23.12008255,12.01470399,0.722301045,57.5970592,56.77157229,-0.644622803,-0.348661086
LM-13-121,0,0,0,32.77777778,32.77777778,-17.15438843,-0.976487099
LM-13-122,100,0,0,0,0,-21.65490723,-1.147630823
LM-13-123,45.97962154,17.93304221,0.232896652,27.01018923,23.41193595,-27.53027344,-1.371056632
LM-13-132,32.38404008,0.03315772,0,53.20340419,51.48288693,-5.854827881,-0.546792444
LM-13-134,21.19783482,5.03754147,0,66.71031954,66.71031954,-21.45318604,-1.139959859
LM-13-135,82.2948587,3.944744394,0,10.2047765,6.58592344,28.15948486,0.74668869
LM-13-136,20.04325883,19.51453977,0,2.066810863,2.018745494,16.53253174,0.304544096
LM-13-138,29.62207167,51.18765815,0,16.30887275,14.16210922,16.27780151,0.294857328
LM-13-139,28.09632321,36.87873376,0,14.28835376,13.75869927,7.141479492,-0.052574656
LM-13-142,1.887719988,42.32622161,17.35325927,6.262904336,0,-27.64065552,-1.375254193
LM-13-145,100,0,0,0,0,20.04541016,0.438130271
LM-13-146,38.68524106,57.26391475,0.905180715,1.007896257,0,-2.778259277,-0.429798063
LM-13-147,8.895877794,86.70111198,3.380882848,0.348197237,0,-20.13464355,-1.089818913
LM-13-148,82.06546023,17.49888293,0,0.435656836,0,-0.158813477,-0.330186945
LM-13-151,97.41146065,2.184711061,0,0.403828292,0,-6.02545166,-0.553280849
LM-13-152,74.25890195,21.60147343,0,0.315734082,0,25.04013062,0.628067276
LM-13-154,100,0,0,0,0,-10.51141357,-0.72387101
LM-13-155,1.27388535,0,0,0,0,24.4041748,0.603883432
LM-13-157,0,14.32692308,0,47.38782051,45.06410256,36.63745117,1.069085016
LM-13-158,0,7.215332582,0,87.99323563,87.99323563,9.946594238,0.054096998
LM-13-160,59.90210551,0.202004506,0,39.89588999,39.89588999,-3.959442139,-0.474715559
LM-13-161,9.387605427,0,0,56.94902824,56.94902824,30.09484863,0.820285841
LM-13-162,47.57371847,3.019858854,0,37.59505443,36.67596696,63.40426636,2.086961541
LM-13-163,19.89808917,69.85987261,0,7.840764331,5.292993631,4.756408691,-0.143273066
LM-13-164,12.18957485,55.5262096,0,25.46861817,25.1788269,20.22369385,0.444909964
LM-13-165,73.86018237,15.8662614,0,5.227963526,4.741641337,-5.145568848,-0.519821057
LM-13-166,12.84931453,44.95017454,2.911523236,23.72706176,22.20987149,34.26837158,0.978994713
LM-13-167,28.07237999,30.33174164,0.701181201,7.195275195,7.034430761,45.04138184,1.388665948
LM-13-168,3.911674742,0.058794198,38.78705337,2.75216385,0,63.53189087,2.091814789
LM-13-174,78.86749066,0,16.77493533,3.863179074,3.55849382,24.72866821,0.616223123
LM-13-175,22.70849881,38.41143765,4.138204925,21.68387609,13.86814932,-13.49493408,-0.837326999
LM-13-178,24.48024148,30.83130563,23.0972988,11.97523639,0,21.03875732,0.475904835
LM-13-182,52.0963021,7.226779899,1.8551346,38.61565734,38.61565734,15.48013306,0.264523947
LM-13-183,3.065521307,78.85014878,11.47605412,6.394924485,5.648194936,27.25271606,0.71220649
LM-13-185,98.79492145,0.516462234,0,0.688616312,0,16.6652832,0.309592309
LM-13-190,14.19435068,0.834961805,0,78.29099307,0,-31.98425293,-1.54043058
LM-13-191,0,0.088163985,0,61.769892,0,-18.05685425,-1.010805667
LM-13-192,71.69910114,22.52378043,0,0.593420019,0,-8.216644287,-0.636606546
LM-13-193,18.46852693,14.43218689,9.837767683,55.54834523,54.86048021,-5.210540771,-0.52229178
LM-13-201,58.56390977,35.4962406,1.917293233,2.586466165,0,36.45199585,1.062032604
LM-13-231,92.65707797,5.970855413,0,0.501514005,0,20.36138916,0.45014618
LM-13-232,99.27091328,0.729086723,0,0,0,37.30743408,1.094562828
LM-13-233,6.849052994,0,0,66.44346662,66.32867802,12.38156128,0.14669284
LM-13-234,27.40633075,1.889534884,0,62.67764858,62.49192506,-40.80459595,-1.875846656
LM-13-242,22.06128683,8.41462213,6.907084442,27.98305252,3.448615627,-41.38299561,-1.89784178
LM-13-244,100,0,0,0,0,40.09088135,1.200410521
LM-14-011,0,0,0,1.788908766,0,-19.20635986,-0.470696896
LM-14-013,0,0,0,10.91330326,0.07316181,-9.575836182,-0.034079924
LM-14-022,0,7.074419215,5.026906418,56.28035175,0,16.45452881,1.146053112
LM-14-024,93.45347554,0,0,6.546524458,0,-18.75918579,-0.450423462
LM-14-026,4.09219191,0,0,7.47883349,0,-38.87637329,-1.362472047
LM-14-030,82.33957978,0,0,0.075714556,0,-6.583099365,0.101601139
LM-14-032,87.74745339,3.738227945,0,5.986930617,5.986930617,19.27206421,1.273791106
LM-14-033,95.53622772,0,4.08280621,0.194077056,0,-48.40206909,-1.79433646
LM-14-034,20.00855676,2.67398745,32.68682259,3.893325727,3.893325727,17.8984375,1.211515288
LM-14-035,53.31460248,7.791024375,3.174121042,4.44225074,0,6.260803223,0.683902376
LM-14-036,47.14605749,4.48048465,5.395513205,14.62152526,12.79462342,-16.11975098,-0.330759976
LM-14-037,18.07650969,1.496755702,0,2.209306954,0.780223717,-16.60092163,-0.352574706
LM-14-043,100,0,0,0,0,-22.20529175,-0.606658824
LM-14-045,81.72966949,0,0,12.09712895,11.30238423,16.79721069,1.161589206
LM-14-046,99.52754417,0,0,0,0,-6.853088379,0.089360705
LM-14-051,91.97978257,0.715239367,0,2.498569521,2.489032996,38.0501709,2.125130073
LM-14-056,32.14369807,1.019206835,19.13283326,8.742305493,8.695213428,2.599578857,0.517914238
LM-14-058,0,0,15.93132998,4.843379075,0.130276186,-4.653106689,0.1891008
LM-14-065,0,0,0,70.16574586,0,-63.2013855,-2.465289872
LM-14-068,0,0,0,2.299952084,0,-30.82919312,-0.997638777
LM-14-073,0,0,0,0.787401575,0,-4.96685791,0.174876328
LM-14-074,0,0,0.744359153,3.070481507,0,29.1350708,1.720948106
LM-14-075,65.78787141,0,0,34.21212859,34.21212859,24.37036133,1.504931501
LM-14-076,9.582542694,0.966016905,0.569259962,87.20890116,87.10539934,-25.02560425,-0.734522722
LM-14-077,68.6835813,0,0,31.3164187,30.30685441,66.77566528,3.427451609
LM-14-081,100,0,0,0,0,-6.287261963,0.115013455
LM-14-083,51.12016293,0,4.967187146,8.972618239,8.010862186,-7.463775635,0.061674109
LM-14-092,99.75849898,0,0,0,0,-9.804748535,-0.044458074
LM-14-100,89.74895397,0.10460251,0,0,0,-16.93078613,-0.367529702
LM-14-101,73.40585146,0,7.826956739,10.14003501,0,-22.45788574,-0.618110623
LM-14-102,0,0,12.82946967,28.10416005,14.25849476,35.68551636,2.017924241
LM-14-104,21.10593352,7.654551103,34.45169307,8.226157192,0,-23.36508179,-0.659239974
LM-14-105,66.4375356,0,7.522045682,0.471355343,0,2.277770996,0.503324505
LM-14-109,0.169133192,0,0,7.205073996,0,-5.899017334,0.132615218
LM-14-110,8.27184466,0.13592233,5.504854369,19.01941748,0,-3.464477539,0.242989423
LM-14-112,64.35285611,0,0,32.39334779,28.99493854,-28.1741333,-0.877266904
LM-14-113,0,0,0,100,100,21.93652344,1.394589118
LM-14-114,95.29363618,0,0,2.851101562,0,13.01623535,0.990171944
LM-14-116,33.42064531,3.702821764,9.935706632,1.607334206,1.607334206,9.717437744,0.840615069
LM-14-120,16.98301698,0,0,83.01698302,83.01698302,25.44384766,1.553599919
LM-14-122,92.38231098,0,0,1.126961484,0,13.62258911,1.017662073
LM-14-124,0,21.62740899,51.49892934,22.37687366,22.37687366,-57.85812378,-2.22304357
LM-14-125,0,0.616016427,0,5.869267625,0,-6.957550049,0.084624749
LM-14-127,0,0,0,100,99.8225602,28.63519287,1.698285248
LM-14-130,50.73811525,0,7.565681295,9.956334271,9.271202543,7.703796387,0.749323046
LM-14-131,14.25663932,1.139441718,5.518113376,9.471413268,7.954468549,-1.174102783,0.346827649
LM-14-138,12.80033387,75.30256961,9.667322483,0.709473559,0.470995052,-35.57061768,-1.212599719
LM-14-139,68.6108498,0.517403575,0,8.71746629,8.71746629,6.198455811,0.681075745
LM-14-140,0.152292152,0.233100233,0,15.1017871,5.168609169,-27.51535034,-0.847399803
LM-14-142,59.62625779,13.25826545,3.497843795,17.64254911,17.20172496,-7.876983643,0.042940587
LM-14-148,75.24033745,23.8375515,0,0.922111046,0.392387679,-13.60601807,-0.21679541
LM-14-149,78.36021505,0,0,10.34946237,10.34946237,19.62088013,1.289605298
LM-14-150,82.96930342,0,0,13.3633412,12.89846517,-22.07876587,-0.600922547
LM-14-151,51.69485859,0,28.9128836,18.74038912,18.74038912,15.09683228,1.084499517
LM-14-152,73.94022862,3.644126153,3.539457375,16.71395125,16.71395125,-8.599456787,0.010185978
LM-14-154,48.55763834,0,0,3.019418565,0,2.869232178,0.530139452
LM-14-160,35.18020441,0,0.466200466,0.286892595,0,-26.17077637,-0.786441143
LM-14-161,100,0,0,0,0,-47.96130371,-1.774353575
LM-14-162,0,0,0,89.11161731,88.6332574,-11.7086792,-0.130776167
LM-14-163,57.0750871,0,0,42.9249129,42.9249129,18.35174561,1.23206682
LM-14-164,0,19.43957968,56.21716287,14.71103327,14.71103327,1.943847656,0.488185494
LM-14-180,25.78066637,58.27730465,1.206484387,14.59734051,14.56372329,17.52160645,1.19443098
LM-14-181,5.982639662,0,82.77320276,11.24415758,11.24415758,-0.931182861,0.357840857
LM-14-183,87.20650767,0,0,0.388241819,0,-26.25076294,-0.790067477
LM-14-184,99.28327645,0,0,0.366894198,0,-51.59649658,-1.93916153
LM-14-185,41.53233002,0.196300042,21.08738326,13.93730296,13.59823925,-22.21182251,-0.606954907
LM-14-186,0,0,0.655837718,11.62968047,10.18073667,-13.97509766,-0.233528291
LM-14-188,0,0,0.067130185,16.35578998,9.489331096,1.722595215,0.47815462
LM-14-196,0,0,0,59.16167665,58.64271457,-11.74328613,-0.132345134
LM-14-197,0,0,0,7.239819005,0,-1.744384766,0.320972897
LM-14-202,16.22501162,0,0,30.032543,0,-40.54379272,-1.438067482
LM-14-204,0,0,0,16.22936684,0,-33.23995972,-1.106935182
LM-14-207,0,0,0,3.588570911,0,-25.80627441,-0.769915797
LM-14-208,99.40878378,0.168918919,0,0,0,39.15637207,2.175281677
LM-14-209,94.14857426,0,0,4.626708728,0.383497247,40.21472168,2.223263845
LM-14-211,25.93873518,0.148221344,0,9.090909091,3.754940711,0.686828613,0.431196293
LM-14-212,97.30694685,1.458737121,0,0,0,-34.72680664,-1.17434404
LM-14-217,95.6664478,3.184504268,0,1.149047932,0,-15.71398926,-0.312364044
LM-14-219,0,0.091558323,12.14978942,0.62717451,0,17.79730225,1.206930141
LM-14-220,7.815400937,0.026522854,26.65841511,0.94008782,0.754427843,16.12106323,1.130934855
LM-14-223,60.88512854,0,0,1.513179304,0,7.57800293,0.743619975
LM-14-225,4.214112795,0,0,0.502107056,0,-32.75238037,-1.084829903
LM-14-226,53.06801846,13.01354316,33.60823182,0.310206552,0,5.461456299,0.647662558
LM-14-230,0,0.044035889,0,15.96300985,0,3.090332031,0.540163409
LM-14-236,0,0.015190643,1.584890374,4.101473492,0,6.830749512,0.709741908
LM-14-240,0,0,0,99.02248289,98.82697947,-32.52523804,-1.074532
LM-14-242,0,0,0,36.31982205,0,16.12493896,1.131110568
LM-14-243,0,0.338004366,0,16.39321175,0,21.54605103,1.376886355