"","Fruits_mean","Infructescence_mean","Leaves_mean"
"4",26.0447677437692,31.4142946613654,2.49366011526923
"7",26.0447677437692,31.4142946613654,2.49366011526923
"8",26.0447677437692,31.4142946613654,2.49366011526923
"10",20.8139351552642,31.7176100925472,10.5629052010566
"11",20.8139351552642,31.7176100925472,10.5629052010566
"12",20.8139351552642,31.7176100925472,10.5629052010566
"13",20.8139351552642,31.7176100925472,10.5629052010566
"15",20.8139351552642,31.7176100925472,10.5629052010566
"18",20.8139351552642,31.7176100925472,10.5629052010566
"19",20.8139351552642,31.7176100925472,10.5629052010566
"20",20.8139351552642,31.7176100925472,10.5629052010566
"22",20.8139351552642,31.7176100925472,10.5629052010566
"23",20.8139351552642,31.7176100925472,10.5629052010566
"24",20.8139351552642,31.7176100925472,10.5629052010566
"25",20.8139351552642,31.7176100925472,10.5629052010566
"26",20.8139351552642,31.7176100925472,10.5629052010566
"28",20.8139351552642,31.7176100925472,10.5629052010566
"29",20.8139351552642,31.7176100925472,10.5629052010566
"30",20.8139351552642,31.7176100925472,10.5629052010566
"31",20.8139351552642,31.7176100925472,10.5629052010566
"32",20.8139351552642,31.7176100925472,10.5629052010566
"33",20.8139351552642,31.7176100925472,10.5629052010566
"34",20.8139351552642,31.7176100925472,10.5629052010566
"35",20.8139351552642,31.7176100925472,10.5629052010566
"36",20.8139351552642,31.7176100925472,10.5629052010566
"37",20.8139351552642,31.7176100925472,10.5629052010566
"38",20.8139351552642,31.7176100925472,10.5629052010566
"39",20.8139351552642,31.7176100925472,10.5629052010566
"41",20.8139351552642,31.7176100925472,10.5629052010566
"42",20.8139351552642,31.7176100925472,10.5629052010566
"43",20.8139351552642,31.7176100925472,10.5629052010566
"45",20.8139351552642,31.7176100925472,10.5629052010566
"46",20.8139351552642,31.7176100925472,10.5629052010566
"47",20.8139351552642,31.7176100925472,10.5629052010566
"48",20.8139351552642,31.7176100925472,10.5629052010566
"49",20.8139351552642,31.7176100925472,10.5629052010566
"50",20.8139351552642,31.7176100925472,10.5629052010566
"51",20.8139351552642,31.7176100925472,10.5629052010566
"52",20.8139351552642,31.7176100925472,10.5629052010566
"53",20.8139351552642,31.7176100925472,10.5629052010566
"55",20.8139351552642,31.7176100925472,10.5629052010566
"56",20.8139351552642,31.7176100925472,10.5629052010566
"57",20.8139351552642,31.7176100925472,10.5629052010566
"58",20.8139351552642,31.7176100925472,10.5629052010566
"59",20.8139351552642,31.7176100925472,10.5629052010566
"60",20.8139351552642,31.7176100925472,10.5629052010566
"61",20.8139351552642,31.7176100925472,10.5629052010566
"62",20.8139351552642,31.7176100925472,10.5629052010566
"63",20.8139351552642,31.7176100925472,10.5629052010566
"64",20.8139351552642,31.7176100925472,10.5629052010566
"65",20.8139351552642,31.7176100925472,10.5629052010566
"66",20.8139351552642,31.7176100925472,10.5629052010566
"67",20.8139351552642,31.7176100925472,10.5629052010566
"68",20.8139351552642,31.7176100925472,10.5629052010566
"69",20.8139351552642,31.7176100925472,10.5629052010566
"70",20.8139351552642,31.7176100925472,10.5629052010566
"71",20.8139351552642,31.7176100925472,10.5629052010566
"72",20.8139351552642,31.7176100925472,10.5629052010566
"73",20.8139351552642,31.7176100925472,10.5629052010566
"75",20.8139351552642,31.7176100925472,10.5629052010566
"76",20.8139351552642,31.7176100925472,10.5629052010566
"81",26.0447677437692,31.4142946613654,2.49366011526923
"82",20.8139351552642,31.7176100925472,10.5629052010566
"83",20.8139351552642,31.7176100925472,10.5629052010566
"84",20.8139351552642,31.7176100925472,10.5629052010566
"90",20.8139351552642,31.7176100925472,10.5629052010566
"92",20.8139351552642,31.7176100925472,10.5629052010566
"93",20.8139351552642,31.7176100925472,10.5629052010566
"94",20.8139351552642,31.7176100925472,10.5629052010566
"95",20.8139351552642,31.7176100925472,10.5629052010566
"97",26.0447677437692,31.4142946613654,2.49366011526923
"99",26.0447677437692,31.4142946613654,2.49366011526923
"100",26.0447677437692,31.4142946613654,2.49366011526923
"103",26.0447677437692,31.4142946613654,2.49366011526923
"104",26.0447677437692,31.4142946613654,2.49366011526923
"105",26.0447677437692,31.4142946613654,2.49366011526923
"106",26.0447677437692,31.4142946613654,2.49366011526923
"107",26.0447677437692,31.4142946613654,2.49366011526923
"108",26.0447677437692,31.4142946613654,2.49366011526923
"110",26.0447677437692,31.4142946613654,2.49366011526923
"113",26.0447677437692,31.4142946613654,2.49366011526923
"117",26.0447677437692,31.4142946613654,2.49366011526923
"118",26.0447677437692,31.4142946613654,2.49366011526923
"119",26.0447677437692,31.4142946613654,2.49366011526923
"120",26.0447677437692,31.4142946613654,2.49366011526923
"122",39.0306824272568,15.4438302794595,14.9665129212973
"123",39.0306824272568,15.4438302794595,14.9665129212973
"124",39.0306824272568,15.4438302794595,14.9665129212973
"125",26.0447677437692,31.4142946613654,2.49366011526923
"126",26.0447677437692,31.4142946613654,2.49366011526923
"127",26.0447677437692,31.4142946613654,2.49366011526923
"128",26.0447677437692,31.4142946613654,2.49366011526923
"129",26.0447677437692,31.4142946613654,2.49366011526923
"130",26.0447677437692,31.4142946613654,2.49366011526923
"134",26.0447677437692,31.4142946613654,2.49366011526923
"135",26.0447677437692,31.4142946613654,2.49366011526923
"136",26.0447677437692,31.4142946613654,2.49366011526923
"137",26.0447677437692,31.4142946613654,2.49366011526923
"138",26.0447677437692,31.4142946613654,2.49366011526923
"139",26.0447677437692,31.4142946613654,2.49366011526923
"151",26.0447677437692,31.4142946613654,2.49366011526923
"153",26.0447677437692,31.4142946613654,2.49366011526923
"154",26.0447677437692,31.4142946613654,2.49366011526923
"155",26.0447677437692,31.4142946613654,2.49366011526923
"156",26.0447677437692,31.4142946613654,2.49366011526923
"157",26.0447677437692,31.4142946613654,2.49366011526923
"158",26.0447677437692,31.4142946613654,2.49366011526923
"159",26.0447677437692,31.4142946613654,2.49366011526923
"160",26.0447677437692,31.4142946613654,2.49366011526923
"161",26.0447677437692,31.4142946613654,2.49366011526923
"162",26.0447677437692,31.4142946613654,2.49366011526923
"163",26.0447677437692,31.4142946613654,2.49366011526923
"164",26.0447677437692,31.4142946613654,2.49366011526923
"165",26.0447677437692,31.4142946613654,2.49366011526923
"166",26.0447677437692,31.4142946613654,2.49366011526923
"167",26.0447677437692,31.4142946613654,2.49366011526923
"168",39.0306824272568,15.4438302794595,14.9665129212973
"170",26.0447677437692,31.4142946613654,2.49366011526923
"171",26.0447677437692,31.4142946613654,2.49366011526923
"172",26.0447677437692,31.4142946613654,2.49366011526923
"173",26.0447677437692,31.4142946613654,2.49366011526923
"174",26.0447677437692,31.4142946613654,2.49366011526923
"175",26.0447677437692,31.4142946613654,2.49366011526923
"176",26.0447677437692,31.4142946613654,2.49366011526923
"177",26.0447677437692,31.4142946613654,2.49366011526923
"178",26.0447677437692,31.4142946613654,2.49366011526923
"179",26.0447677437692,31.4142946613654,2.49366011526923
"180",26.0447677437692,31.4142946613654,2.49366011526923
"181",39.0306824272568,15.4438302794595,14.9665129212973
"182",39.0306824272568,15.4438302794595,14.9665129212973
"183",39.0306824272568,15.4438302794595,14.9665129212973
"184",39.0306824272568,15.4438302794595,14.9665129212973
"185",39.0306824272568,15.4438302794595,14.9665129212973
"186",39.0306824272568,15.4438302794595,14.9665129212973
"187",39.0306824272568,15.4438302794595,14.9665129212973
"188",39.0306824272568,15.4438302794595,14.9665129212973
"189",39.0306824272568,15.4438302794595,14.9665129212973
"190",39.0306824272568,15.4438302794595,14.9665129212973
"192",39.0306824272568,15.4438302794595,14.9665129212973
"193",39.0306824272568,15.4438302794595,14.9665129212973
"195",39.0306824272568,15.4438302794595,14.9665129212973
"196",NA,NA,NA
"197",NA,NA,NA
"198",39.0306824272568,15.4438302794595,14.9665129212973
"199",39.0306824272568,15.4438302794595,14.9665129212973
"201",39.0306824272568,15.4438302794595,14.9665129212973
"202",39.0306824272568,15.4438302794595,14.9665129212973
"203",39.0306824272568,15.4438302794595,14.9665129212973
"204",39.0306824272568,15.4438302794595,14.9665129212973
"206",39.0306824272568,15.4438302794595,14.9665129212973
"207",39.0306824272568,15.4438302794595,14.9665129212973
"208",39.0306824272568,15.4438302794595,14.9665129212973
"209",39.0306824272568,15.4438302794595,14.9665129212973
"210",39.0306824272568,15.4438302794595,14.9665129212973
"211",39.0306824272568,15.4438302794595,14.9665129212973
"212",39.0306824272568,15.4438302794595,14.9665129212973
"213",39.0306824272568,15.4438302794595,14.9665129212973
"214",39.0306824272568,15.4438302794595,14.9665129212973
"215",39.0306824272568,15.4438302794595,14.9665129212973
"216",39.0306824272568,15.4438302794595,14.9665129212973
"217",39.0306824272568,15.4438302794595,14.9665129212973
"218",39.0306824272568,15.4438302794595,14.9665129212973
"219",39.0306824272568,15.4438302794595,14.9665129212973
"220",39.0306824272568,15.4438302794595,14.9665129212973
"221",39.0306824272568,15.4438302794595,14.9665129212973
"222",39.0306824272568,15.4438302794595,14.9665129212973
"223",39.0306824272568,15.4438302794595,14.9665129212973
"224",39.0306824272568,15.4438302794595,14.9665129212973
"225",39.0306824272568,15.4438302794595,14.9665129212973
"226",39.0306824272568,15.4438302794595,14.9665129212973
"227",39.0306824272568,15.4438302794595,14.9665129212973
"228",39.0306824272568,15.4438302794595,14.9665129212973
"229",39.0306824272568,15.4438302794595,14.9665129212973
"230",39.0306824272568,15.4438302794595,14.9665129212973
"231",39.0306824272568,15.4438302794595,14.9665129212973
"232",39.0306824272568,15.4438302794595,14.9665129212973
"233",39.0306824272568,15.4438302794595,14.9665129212973
"234",39.0306824272568,15.4438302794595,14.9665129212973
"235",39.0306824272568,15.4438302794595,14.9665129212973
"236",39.0306824272568,15.4438302794595,14.9665129212973
"237",39.0306824272568,15.4438302794595,14.9665129212973
"238",39.0306824272568,15.4438302794595,14.9665129212973
"239",39.0306824272568,15.4438302794595,14.9665129212973
"240",39.0306824272568,15.4438302794595,14.9665129212973
"241",39.0306824272568,15.4438302794595,14.9665129212973
"242",39.0306824272568,15.4438302794595,14.9665129212973
"243",39.0306824272568,15.4438302794595,14.9665129212973
"244",39.0306824272568,15.4438302794595,14.9665129212973
"245",39.0306824272568,15.4438302794595,14.9665129212973
"246",39.0306824272568,15.4438302794595,14.9665129212973
"247",39.0306824272568,15.4438302794595,14.9665129212973
"248",39.0306824272568,15.4438302794595,14.9665129212973
"250",39.0306824272568,15.4438302794595,14.9665129212973
"251",39.0306824272568,15.4438302794595,14.9665129212973
"253",39.0306824272568,15.4438302794595,14.9665129212973
"254",42.6552988507317,3.93715404943902,17.3206915975122
"255",42.6552988507317,3.93715404943902,17.3206915975122
"256",39.0306824272568,15.4438302794595,14.9665129212973
"258",39.0306824272568,15.4438302794595,14.9665129212973
"259",39.0306824272568,15.4438302794595,14.9665129212973
"261",39.0306824272568,15.4438302794595,14.9665129212973
"262",39.0306824272568,15.4438302794595,14.9665129212973
"263",39.0306824272568,15.4438302794595,14.9665129212973
"264",39.0306824272568,15.4438302794595,14.9665129212973
"265",39.0306824272568,15.4438302794595,14.9665129212973
"266",39.0306824272568,15.4438302794595,14.9665129212973
"267",39.0306824272568,15.4438302794595,14.9665129212973
"268",39.0306824272568,15.4438302794595,14.9665129212973
"269",42.6552988507317,3.93715404943902,17.3206915975122
"270",42.6552988507317,3.93715404943902,17.3206915975122
"272",39.0306824272568,15.4438302794595,14.9665129212973
"273",39.0306824272568,15.4438302794595,14.9665129212973
"274",39.0306824272568,15.4438302794595,14.9665129212973
"275",39.0306824272568,15.4438302794595,14.9665129212973
"276",39.0306824272568,15.4438302794595,14.9665129212973
"277",39.0306824272568,15.4438302794595,14.9665129212973
"278",39.0306824272568,15.4438302794595,14.9665129212973
"279",39.0306824272568,15.4438302794595,14.9665129212973
"280",39.0306824272568,15.4438302794595,14.9665129212973
"281",42.6552988507317,3.93715404943902,17.3206915975122
"282",42.6552988507317,3.93715404943902,17.3206915975122
"283",42.6552988507317,3.93715404943902,17.3206915975122
"284",42.6552988507317,3.93715404943902,17.3206915975122
"286",39.0306824272568,15.4438302794595,14.9665129212973
"289",42.6552988507317,3.93715404943902,17.3206915975122
"291",42.6552988507317,3.93715404943902,17.3206915975122
"292",42.6552988507317,3.93715404943902,17.3206915975122
"293",42.6552988507317,3.93715404943902,17.3206915975122
"294",42.6552988507317,3.93715404943902,17.3206915975122
"295",42.6552988507317,3.93715404943902,17.3206915975122
"297",42.6552988507317,3.93715404943902,17.3206915975122
"298",42.6552988507317,3.93715404943902,17.3206915975122
"299",42.6552988507317,3.93715404943902,17.3206915975122
"300",42.6552988507317,3.93715404943902,17.3206915975122
"303",42.6552988507317,3.93715404943902,17.3206915975122
"304",42.6552988507317,3.93715404943902,17.3206915975122
"305",42.6552988507317,3.93715404943902,17.3206915975122
"306",42.6552988507317,3.93715404943902,17.3206915975122
"307",42.6552988507317,3.93715404943902,17.3206915975122
"310",42.6552988507317,3.93715404943902,17.3206915975122
"311",42.6552988507317,3.93715404943902,17.3206915975122
"312",42.6552988507317,3.93715404943902,17.3206915975122
"313",42.6552988507317,3.93715404943902,17.3206915975122
"314",42.6552988507317,3.93715404943902,17.3206915975122
"315",42.6552988507317,3.93715404943902,17.3206915975122
"319",42.6552988507317,3.93715404943902,17.3206915975122
"320",42.6552988507317,3.93715404943902,17.3206915975122
"322",42.6552988507317,3.93715404943902,17.3206915975122
"325",42.6552988507317,3.93715404943902,17.3206915975122
"326",42.6552988507317,3.93715404943902,17.3206915975122
"327",42.6552988507317,3.93715404943902,17.3206915975122
"328",42.6552988507317,3.93715404943902,17.3206915975122
"329",42.6552988507317,3.93715404943902,17.3206915975122
"331",42.6552988507317,3.93715404943902,17.3206915975122
"332",42.6552988507317,3.93715404943902,17.3206915975122
"333",42.6552988507317,3.93715404943902,17.3206915975122
"334",42.6552988507317,3.93715404943902,17.3206915975122
"335",42.6552988507317,3.93715404943902,17.3206915975122
"336",42.6552988507317,3.93715404943902,17.3206915975122
"337",42.6552988507317,3.93715404943902,17.3206915975122
"338",42.6552988507317,3.93715404943902,17.3206915975122
"339",42.6552988507317,3.93715404943902,17.3206915975122
"342",42.6552988507317,3.93715404943902,17.3206915975122
"343",42.6552988507317,3.93715404943902,17.3206915975122
"345",42.6552988507317,3.93715404943902,17.3206915975122
"346",42.6552988507317,3.93715404943902,17.3206915975122
"349",42.6552988507317,3.93715404943902,17.3206915975122
"350",42.6552988507317,3.93715404943902,17.3206915975122
"351",42.6552988507317,3.93715404943902,17.3206915975122
"352",42.6552988507317,3.93715404943902,17.3206915975122
"353",42.6552988507317,3.93715404943902,17.3206915975122
"354",42.6552988507317,3.93715404943902,17.3206915975122
"355",42.6552988507317,3.93715404943902,17.3206915975122
"356",42.6552988507317,3.93715404943902,17.3206915975122
"358",42.6552988507317,3.93715404943902,17.3206915975122
"359",42.6552988507317,3.93715404943902,17.3206915975122
"360",42.6552988507317,3.93715404943902,17.3206915975122
"361",42.6552988507317,3.93715404943902,17.3206915975122
"362",42.6552988507317,3.93715404943902,17.3206915975122
"363",42.6552988507317,3.93715404943902,17.3206915975122
"364",37.888469393029,9.29444397344928,16.9572030646812
"365",42.6552988507317,3.93715404943902,17.3206915975122
"366",42.6552988507317,3.93715404943902,17.3206915975122
"367",37.888469393029,9.29444397344928,16.9572030646812
"368",37.888469393029,9.29444397344928,16.9572030646812
"369",37.888469393029,9.29444397344928,16.9572030646812
"370",37.888469393029,9.29444397344928,16.9572030646812
"371",37.888469393029,9.29444397344928,16.9572030646812
"372",37.888469393029,9.29444397344928,16.9572030646812
"373",37.888469393029,9.29444397344928,16.9572030646812
"374",37.888469393029,9.29444397344928,16.9572030646812
"375",37.888469393029,9.29444397344928,16.9572030646812
"376",37.888469393029,9.29444397344928,16.9572030646812
"377",37.888469393029,9.29444397344928,16.9572030646812
"378",37.888469393029,9.29444397344928,16.9572030646812
"379",37.888469393029,9.29444397344928,16.9572030646812
"380",37.888469393029,9.29444397344928,16.9572030646812
"381",37.888469393029,9.29444397344928,16.9572030646812
"382",37.888469393029,9.29444397344928,16.9572030646812
"383",37.888469393029,9.29444397344928,16.9572030646812
"384",37.888469393029,9.29444397344928,16.9572030646812
"385",37.888469393029,9.29444397344928,16.9572030646812
"386",37.888469393029,9.29444397344928,16.9572030646812
"387",37.888469393029,9.29444397344928,16.9572030646812
"388",37.888469393029,9.29444397344928,16.9572030646812
"389",37.888469393029,9.29444397344928,16.9572030646812
"390",37.888469393029,9.29444397344928,16.9572030646812
"391",37.888469393029,9.29444397344928,16.9572030646812
"392",37.888469393029,9.29444397344928,16.9572030646812
"393",37.888469393029,9.29444397344928,16.9572030646812
"394",37.888469393029,9.29444397344928,16.9572030646812
"395",37.888469393029,9.29444397344928,16.9572030646812
"396",37.888469393029,9.29444397344928,16.9572030646812
"397",37.888469393029,9.29444397344928,16.9572030646812
"398",37.888469393029,9.29444397344928,16.9572030646812
"399",37.888469393029,9.29444397344928,16.9572030646812
"401",37.888469393029,9.29444397344928,16.9572030646812
"402",37.888469393029,9.29444397344928,16.9572030646812
"403",37.888469393029,9.29444397344928,16.9572030646812
"404",37.888469393029,9.29444397344928,16.9572030646812
"405",37.888469393029,9.29444397344928,16.9572030646812
"406",37.888469393029,9.29444397344928,16.9572030646812
"408",37.888469393029,9.29444397344928,16.9572030646812
"409",37.888469393029,9.29444397344928,16.9572030646812
"410",37.888469393029,9.29444397344928,16.9572030646812
"411",37.888469393029,9.29444397344928,16.9572030646812
"412",37.888469393029,9.29444397344928,16.9572030646812
"413",37.888469393029,9.29444397344928,16.9572030646812
"414",37.888469393029,9.29444397344928,16.9572030646812
"415",37.888469393029,9.29444397344928,16.9572030646812
"416",37.888469393029,9.29444397344928,16.9572030646812
"417",37.888469393029,9.29444397344928,16.9572030646812
"418",37.888469393029,9.29444397344928,16.9572030646812
"419",37.888469393029,9.29444397344928,16.9572030646812
"420",37.888469393029,9.29444397344928,16.9572030646812
"421",37.888469393029,9.29444397344928,16.9572030646812
"422",37.888469393029,9.29444397344928,16.9572030646812
"423",37.888469393029,9.29444397344928,16.9572030646812
"424",37.888469393029,9.29444397344928,16.9572030646812
"425",37.888469393029,9.29444397344928,16.9572030646812
"426",37.888469393029,9.29444397344928,16.9572030646812
"427",37.888469393029,9.29444397344928,16.9572030646812
"428",22.8124434689688,8.8131111614375,27.9031606958594
"430",37.888469393029,9.29444397344928,16.9572030646812
"431",37.888469393029,9.29444397344928,16.9572030646812
"432",37.888469393029,9.29444397344928,16.9572030646812
"433",37.888469393029,9.29444397344928,16.9572030646812
"434",37.888469393029,9.29444397344928,16.9572030646812
"435",37.888469393029,9.29444397344928,16.9572030646812
"436",37.888469393029,9.29444397344928,16.9572030646812
"437",37.888469393029,9.29444397344928,16.9572030646812
"438",37.888469393029,9.29444397344928,16.9572030646812
"439",37.888469393029,9.29444397344928,16.9572030646812
"440",37.888469393029,9.29444397344928,16.9572030646812
"441",22.8124434689688,8.8131111614375,27.9031606958594
"442",37.888469393029,9.29444397344928,16.9572030646812
"443",37.888469393029,9.29444397344928,16.9572030646812
"444",37.888469393029,9.29444397344928,16.9572030646812
"445",22.8124434689688,8.8131111614375,27.9031606958594
"446",22.8124434689688,8.8131111614375,27.9031606958594
"447",22.8124434689688,8.8131111614375,27.9031606958594
"448",22.8124434689688,8.8131111614375,27.9031606958594
"449",22.8124434689688,8.8131111614375,27.9031606958594
"450",37.888469393029,9.29444397344928,16.9572030646812
"451",37.888469393029,9.29444397344928,16.9572030646812
"452",37.888469393029,9.29444397344928,16.9572030646812
"453",22.8124434689688,8.8131111614375,27.9031606958594
"454",37.888469393029,9.29444397344928,16.9572030646812
"455",37.888469393029,9.29444397344928,16.9572030646812
"456",22.8124434689688,8.8131111614375,27.9031606958594
"457",37.888469393029,9.29444397344928,16.9572030646812
"458",22.8124434689688,8.8131111614375,27.9031606958594
"459",22.8124434689688,8.8131111614375,27.9031606958594
"460",22.8124434689688,8.8131111614375,27.9031606958594
"461",22.8124434689688,8.8131111614375,27.9031606958594
"462",22.8124434689688,8.8131111614375,27.9031606958594
"463",22.8124434689688,8.8131111614375,27.9031606958594
"464",22.8124434689688,8.8131111614375,27.9031606958594
"465",22.8124434689688,8.8131111614375,27.9031606958594
"466",22.8124434689688,8.8131111614375,27.9031606958594
"468",22.8124434689688,8.8131111614375,27.9031606958594
"469",22.8124434689688,8.8131111614375,27.9031606958594
"470",22.8124434689688,8.8131111614375,27.9031606958594
"471",22.8124434689688,8.8131111614375,27.9031606958594
"472",22.8124434689688,8.8131111614375,27.9031606958594
"473",22.8124434689688,8.8131111614375,27.9031606958594
"474",22.8124434689688,8.8131111614375,27.9031606958594
"475",22.8124434689688,8.8131111614375,27.9031606958594
"476",22.8124434689688,8.8131111614375,27.9031606958594
"477",22.8124434689688,8.8131111614375,27.9031606958594
"478",22.8124434689688,8.8131111614375,27.9031606958594
"479",22.8124434689688,8.8131111614375,27.9031606958594
"480",22.8124434689688,8.8131111614375,27.9031606958594
"481",22.8124434689688,8.8131111614375,27.9031606958594
"482",22.8124434689688,8.8131111614375,27.9031606958594
"483",22.8124434689688,8.8131111614375,27.9031606958594
"484",22.8124434689688,8.8131111614375,27.9031606958594
"485",22.8124434689688,8.8131111614375,27.9031606958594
"486",22.8124434689688,8.8131111614375,27.9031606958594
"487",22.8124434689688,8.8131111614375,27.9031606958594
"488",22.8124434689688,8.8131111614375,27.9031606958594
"489",22.8124434689688,8.8131111614375,27.9031606958594
"490",22.8124434689688,8.8131111614375,27.9031606958594
"491",22.8124434689688,8.8131111614375,27.9031606958594
"492",22.8124434689688,8.8131111614375,27.9031606958594
"494",22.8124434689688,8.8131111614375,27.9031606958594
"495",22.8124434689688,8.8131111614375,27.9031606958594
"496",22.8124434689688,8.8131111614375,27.9031606958594
"497",22.8124434689688,8.8131111614375,27.9031606958594
"498",35.1461308208261,17.9062465833768,25.4135242113188
"499",22.8124434689688,8.8131111614375,27.9031606958594
"500",22.8124434689688,8.8131111614375,27.9031606958594
"501",22.8124434689688,8.8131111614375,27.9031606958594
"502",22.8124434689688,8.8131111614375,27.9031606958594
"503",22.8124434689688,8.8131111614375,27.9031606958594
"504",22.8124434689688,8.8131111614375,27.9031606958594
"505",22.8124434689688,8.8131111614375,27.9031606958594
"506",22.8124434689688,8.8131111614375,27.9031606958594
"507",22.8124434689688,8.8131111614375,27.9031606958594
"508",22.8124434689688,8.8131111614375,27.9031606958594
"509",35.1461308208261,17.9062465833768,25.4135242113188
"510",35.1461308208261,17.9062465833768,25.4135242113188
"511",22.8124434689688,8.8131111614375,27.9031606958594
"512",22.8124434689688,8.8131111614375,27.9031606958594
"513",22.8124434689688,8.8131111614375,27.9031606958594
"514",22.8124434689688,8.8131111614375,27.9031606958594
"515",22.8124434689688,8.8131111614375,27.9031606958594
"516",22.8124434689688,8.8131111614375,27.9031606958594
"517",22.8124434689688,8.8131111614375,27.9031606958594
"518",22.8124434689688,8.8131111614375,27.9031606958594
"519",22.8124434689688,8.8131111614375,27.9031606958594
"520",22.8124434689688,8.8131111614375,27.9031606958594
"521",22.8124434689688,8.8131111614375,27.9031606958594
"522",35.1461308208261,17.9062465833768,25.4135242113188
"523",22.8124434689688,8.8131111614375,27.9031606958594
"524",22.8124434689688,8.8131111614375,27.9031606958594
"525",22.8124434689688,8.8131111614375,27.9031606958594
"526",22.8124434689688,8.8131111614375,27.9031606958594
"527",35.1461308208261,17.9062465833768,25.4135242113188
"528",35.1461308208261,17.9062465833768,25.4135242113188
"529",35.1461308208261,17.9062465833768,25.4135242113188
"530",35.1461308208261,17.9062465833768,25.4135242113188
"531",22.8124434689688,8.8131111614375,27.9031606958594
"532",22.8124434689688,8.8131111614375,27.9031606958594
"533",22.8124434689688,8.8131111614375,27.9031606958594
"534",22.8124434689688,8.8131111614375,27.9031606958594
"535",22.8124434689688,8.8131111614375,27.9031606958594
"536",35.1461308208261,17.9062465833768,25.4135242113188
"537",35.1461308208261,17.9062465833768,25.4135242113188
"538",35.1461308208261,17.9062465833768,25.4135242113188
"539",22.8124434689688,8.8131111614375,27.9031606958594
"540",22.8124434689688,8.8131111614375,27.9031606958594
"541",35.1461308208261,17.9062465833768,25.4135242113188
"542",35.1461308208261,17.9062465833768,25.4135242113188
"543",35.1461308208261,17.9062465833768,25.4135242113188
"544",35.1461308208261,17.9062465833768,25.4135242113188
"545",22.8124434689688,8.8131111614375,27.9031606958594
"546",22.8124434689688,8.8131111614375,27.9031606958594
"547",22.8124434689688,8.8131111614375,27.9031606958594
"548",22.8124434689688,8.8131111614375,27.9031606958594
"549",35.1461308208261,17.9062465833768,25.4135242113188
"550",35.1461308208261,17.9062465833768,25.4135242113188
"551",35.1461308208261,17.9062465833768,25.4135242113188
"552",35.1461308208261,17.9062465833768,25.4135242113188
"553",35.1461308208261,17.9062465833768,25.4135242113188
"554",35.1461308208261,17.9062465833768,25.4135242113188
"555",35.1461308208261,17.9062465833768,25.4135242113188
"556",35.1461308208261,17.9062465833768,25.4135242113188
"557",35.1461308208261,17.9062465833768,25.4135242113188
"558",35.1461308208261,17.9062465833768,25.4135242113188
"559",35.1461308208261,17.9062465833768,25.4135242113188
"560",35.1461308208261,17.9062465833768,25.4135242113188
"561",35.1461308208261,17.9062465833768,25.4135242113188
"562",35.1461308208261,17.9062465833768,25.4135242113188
"563",35.1461308208261,17.9062465833768,25.4135242113188
"564",35.1461308208261,17.9062465833768,25.4135242113188
"565",35.1461308208261,17.9062465833768,25.4135242113188
"566",35.1461308208261,17.9062465833768,25.4135242113188
"567",35.1461308208261,17.9062465833768,25.4135242113188
"568",35.1461308208261,17.9062465833768,25.4135242113188
"569",35.1461308208261,17.9062465833768,25.4135242113188
"570",35.1461308208261,17.9062465833768,25.4135242113188
"571",35.1461308208261,17.9062465833768,25.4135242113188
"572",35.1461308208261,17.9062465833768,25.4135242113188
"573",35.1461308208261,17.9062465833768,25.4135242113188
"574",35.1461308208261,17.9062465833768,25.4135242113188
"575",35.1461308208261,17.9062465833768,25.4135242113188
"576",35.1461308208261,17.9062465833768,25.4135242113188
"577",35.1461308208261,17.9062465833768,25.4135242113188
"578",35.1461308208261,17.9062465833768,25.4135242113188
"579",35.1461308208261,17.9062465833768,25.4135242113188
"580",35.1461308208261,17.9062465833768,25.4135242113188
"581",35.1461308208261,17.9062465833768,25.4135242113188
"582",35.1461308208261,17.9062465833768,25.4135242113188
"583",35.1461308208261,17.9062465833768,25.4135242113188
"584",35.1461308208261,17.9062465833768,25.4135242113188
"585",35.1461308208261,17.9062465833768,25.4135242113188
"586",35.1461308208261,17.9062465833768,25.4135242113188
"587",35.1461308208261,17.9062465833768,25.4135242113188
"588",35.1461308208261,17.9062465833768,25.4135242113188
"589",35.1461308208261,17.9062465833768,25.4135242113188
"590",35.1461308208261,17.9062465833768,25.4135242113188
"591",41.3767040143881,2.56774737717911,16.3133396112388
"593",35.1461308208261,17.9062465833768,25.4135242113188
"594",35.1461308208261,17.9062465833768,25.4135242113188
"595",41.3767040143881,2.56774737717911,16.3133396112388
"596",41.3767040143881,2.56774737717911,16.3133396112388
"597",35.1461308208261,17.9062465833768,25.4135242113188
"598",35.1461308208261,17.9062465833768,25.4135242113188
"599",35.1461308208261,17.9062465833768,25.4135242113188
"600",35.1461308208261,17.9062465833768,25.4135242113188
"601",35.1461308208261,17.9062465833768,25.4135242113188
"602",35.1461308208261,17.9062465833768,25.4135242113188
"603",35.1461308208261,17.9062465833768,25.4135242113188
"604",41.3767040143881,2.56774737717911,16.3133396112388
"605",41.3767040143881,2.56774737717911,16.3133396112388
"606",41.3767040143881,2.56774737717911,16.3133396112388
"607",41.3767040143881,2.56774737717911,16.3133396112388
"608",41.3767040143881,2.56774737717911,16.3133396112388
"609",35.1461308208261,17.9062465833768,25.4135242113188
"610",35.1461308208261,17.9062465833768,25.4135242113188
"611",35.1461308208261,17.9062465833768,25.4135242113188
"612",35.1461308208261,17.9062465833768,25.4135242113188
"613",35.1461308208261,17.9062465833768,25.4135242113188
"614",35.1461308208261,17.9062465833768,25.4135242113188
"615",35.1461308208261,17.9062465833768,25.4135242113188
"616",35.1461308208261,17.9062465833768,25.4135242113188
"617",35.1461308208261,17.9062465833768,25.4135242113188
"618",35.1461308208261,17.9062465833768,25.4135242113188
"619",35.1461308208261,17.9062465833768,25.4135242113188
"620",41.3767040143881,2.56774737717911,16.3133396112388
"621",35.1461308208261,17.9062465833768,25.4135242113188
"622",35.1461308208261,17.9062465833768,25.4135242113188
"623",35.1461308208261,17.9062465833768,25.4135242113188
"624",35.1461308208261,17.9062465833768,25.4135242113188
"625",41.3767040143881,2.56774737717911,16.3133396112388
"626",41.3767040143881,2.56774737717911,16.3133396112388
"627",41.3767040143881,2.56774737717911,16.3133396112388
"628",41.3767040143881,2.56774737717911,16.3133396112388
"629",41.3767040143881,2.56774737717911,16.3133396112388
"630",41.3767040143881,2.56774737717911,16.3133396112388
"631",41.3767040143881,2.56774737717911,16.3133396112388
"632",41.3767040143881,2.56774737717911,16.3133396112388
"633",41.3767040143881,2.56774737717911,16.3133396112388
"634",41.3767040143881,2.56774737717911,16.3133396112388
"637",41.3767040143881,2.56774737717911,16.3133396112388
"638",41.3767040143881,2.56774737717911,16.3133396112388
"639",41.3767040143881,2.56774737717911,16.3133396112388
"640",41.3767040143881,2.56774737717911,16.3133396112388
"641",41.3767040143881,2.56774737717911,16.3133396112388
"642",41.3767040143881,2.56774737717911,16.3133396112388
"643",41.3767040143881,2.56774737717911,16.3133396112388
"644",41.3767040143881,2.56774737717911,16.3133396112388
"645",41.3767040143881,2.56774737717911,16.3133396112388
"646",41.3767040143881,2.56774737717911,16.3133396112388
"647",41.3767040143881,2.56774737717911,16.3133396112388
"648",41.3767040143881,2.56774737717911,16.3133396112388
"649",41.3767040143881,2.56774737717911,16.3133396112388
"650",41.3767040143881,2.56774737717911,16.3133396112388
"651",41.3767040143881,2.56774737717911,16.3133396112388
"652",41.3767040143881,2.56774737717911,16.3133396112388
"653",41.3767040143881,2.56774737717911,16.3133396112388
"654",41.3767040143881,2.56774737717911,16.3133396112388
"655",41.3767040143881,2.56774737717911,16.3133396112388
"656",41.3767040143881,2.56774737717911,16.3133396112388
"657",41.3767040143881,2.56774737717911,16.3133396112388
"658",41.3767040143881,2.56774737717911,16.3133396112388
"659",41.3767040143881,2.56774737717911,16.3133396112388
"660",41.3767040143881,2.56774737717911,16.3133396112388
"661",41.3767040143881,2.56774737717911,16.3133396112388
"662",41.3767040143881,2.56774737717911,16.3133396112388
"663",41.3767040143881,2.56774737717911,16.3133396112388
"664",41.3767040143881,2.56774737717911,16.3133396112388
"665",41.3767040143881,2.56774737717911,16.3133396112388
"666",41.3767040143881,2.56774737717911,16.3133396112388
"667",41.3767040143881,2.56774737717911,16.3133396112388
"668",41.3767040143881,2.56774737717911,16.3133396112388
"669",41.3767040143881,2.56774737717911,16.3133396112388
"670",41.3767040143881,2.56774737717911,16.3133396112388
"671",41.3767040143881,2.56774737717911,16.3133396112388
"672",41.3767040143881,2.56774737717911,16.3133396112388
"673",41.3767040143881,2.56774737717911,16.3133396112388
"674",41.3767040143881,2.56774737717911,16.3133396112388
"675",41.3767040143881,2.56774737717911,16.3133396112388
"676",41.3767040143881,2.56774737717911,16.3133396112388
"677",41.3767040143881,2.56774737717911,16.3133396112388
"678",41.3767040143881,2.56774737717911,16.3133396112388
"679",41.3767040143881,2.56774737717911,16.3133396112388
"680",41.3767040143881,2.56774737717911,16.3133396112388
"681",41.3767040143881,2.56774737717911,16.3133396112388
"682",41.3767040143881,2.56774737717911,16.3133396112388
"683",41.3767040143881,2.56774737717911,16.3133396112388
"684",NA,NA,NA
"685",41.3767040143881,2.56774737717911,16.3133396112388
"686",41.3767040143881,2.56774737717911,16.3133396112388
"687",41.3767040143881,2.56774737717911,16.3133396112388
"688",41.3767040143881,2.56774737717911,16.3133396112388
"689",41.3767040143881,2.56774737717911,16.3133396112388
"690",41.3767040143881,2.56774737717911,16.3133396112388
"691",41.3767040143881,2.56774737717911,16.3133396112388
"692",41.3767040143881,2.56774737717911,16.3133396112388
"693",41.3767040143881,2.56774737717911,16.3133396112388
"694",41.3767040143881,2.56774737717911,16.3133396112388
"695",NA,NA,NA
"696",41.3767040143881,2.56774737717911,16.3133396112388
"697",41.3767040143881,2.56774737717911,16.3133396112388
"698",41.3767040143881,2.56774737717911,16.3133396112388
"699",NA,NA,NA
"700",NA,NA,NA
"701",NA,NA,NA
"702",NA,NA,NA
"703",NA,NA,NA
"704",NA,NA,NA
"706",NA,NA,NA
"707",NA,NA,NA
"708",NA,NA,NA
"709",NA,NA,NA
"710",NA,NA,NA
"711",NA,NA,NA
"712",NA,NA,NA
"713",NA,NA,NA
"714",NA,NA,NA
"715",NA,NA,NA
"716",NA,NA,NA
"717",NA,NA,NA
"718",NA,NA,NA
"719",NA,NA,NA
"720",NA,NA,NA
"721",NA,NA,NA
"722",NA,NA,NA
"723",NA,NA,NA
"724",NA,NA,NA
"725",NA,NA,NA
"726",NA,NA,NA
"727",NA,NA,NA
"729",NA,NA,NA
"730",NA,NA,NA
"733",NA,NA,NA
"734",NA,NA,NA
"735",NA,NA,NA
"738",NA,NA,NA
"739",NA,NA,NA
"740",NA,NA,NA
"741",NA,NA,NA
"742",NA,NA,NA
"743",NA,NA,NA
"744",NA,NA,NA
"745",NA,NA,NA
"746",NA,NA,NA
"747",NA,NA,NA
"748",NA,NA,NA
"749",NA,NA,NA
"751",NA,NA,NA
"752",NA,NA,NA
"753",NA,NA,NA
"754",NA,NA,NA
"755",NA,NA,NA
"756",NA,NA,NA
"757",NA,NA,NA
"759",NA,NA,NA
"760",NA,NA,NA
"761",NA,NA,NA
"762",NA,NA,NA
"763",NA,NA,NA
"764",NA,NA,NA
"765",NA,NA,NA
"766",NA,NA,NA
"767",NA,NA,NA
"768",NA,NA,NA
"769",NA,NA,NA
"770",NA,NA,NA
"771",NA,NA,NA
"772",NA,NA,NA
"773",NA,NA,NA
"774",NA,NA,NA
"775",NA,NA,NA
"777",NA,NA,NA
"778",NA,NA,NA
"779",NA,NA,NA
"780",NA,NA,NA
"781",NA,NA,NA
"782",NA,NA,NA
"783",NA,NA,NA
"784",NA,NA,NA
"785",NA,NA,NA
"786",NA,NA,NA
"787",NA,NA,NA
"788",NA,NA,NA
"789",NA,NA,NA
"790",NA,NA,NA
"791",NA,NA,NA
"792",NA,NA,NA
"793",NA,NA,NA
"794",NA,NA,NA
"795",NA,NA,NA
"796",NA,NA,NA
"797",NA,NA,NA
"798",NA,NA,NA
"799",NA,NA,NA
"800",NA,NA,NA
"801",NA,NA,NA
"802",NA,NA,NA
"803",NA,NA,NA
"804",NA,NA,NA
"805",NA,NA,NA
"806",NA,NA,NA
"807",NA,NA,NA
"808",NA,NA,NA
"809",NA,NA,NA
"810",NA,NA,NA
"811",NA,NA,NA
"812",NA,NA,NA
"813",NA,NA,NA
"814",NA,NA,NA
"815",NA,NA,NA
"816",NA,NA,NA
"817",NA,NA,NA
"818",NA,NA,NA
"819",NA,NA,NA
"820",NA,NA,NA
"821",NA,NA,NA
"823",NA,NA,NA
"824",NA,NA,NA
"825",NA,NA,NA
"826",NA,NA,NA
"827",NA,NA,NA
"828",NA,NA,NA
"829",NA,NA,NA
"830",NA,NA,NA
"831",NA,NA,NA
"832",NA,NA,NA
"833",NA,NA,NA
"834",NA,NA,NA
"835",NA,NA,NA
"836",NA,NA,NA
"837",NA,NA,NA
"838",NA,NA,NA
"839",NA,NA,NA
"840",NA,NA,NA
"841",NA,NA,NA
"842",NA,NA,NA
"843",NA,NA,NA
"844",NA,NA,NA
"845",NA,NA,NA
"846",NA,NA,NA
"847",NA,NA,NA
"848",NA,NA,NA
"849",NA,NA,NA
"850",NA,NA,NA
"851",NA,NA,NA
"852",NA,NA,NA
"853",NA,NA,NA
"854",NA,NA,NA
"855",NA,NA,NA
"856",NA,NA,NA
"857",NA,NA,NA
"858",NA,NA,NA
"859",NA,NA,NA
"860",NA,NA,NA
"861",NA,NA,NA
"864",NA,NA,NA
"865",NA,NA,NA
"866",NA,NA,NA
"867",NA,NA,NA
"868",NA,NA,NA
"872",NA,NA,NA
"873",NA,NA,NA
"874",NA,NA,NA
"875",NA,NA,NA
"876",NA,NA,NA
"877",NA,NA,NA
"878",NA,NA,NA
"879",NA,NA,NA
"880",NA,NA,NA
"881",NA,NA,NA
"882",NA,NA,NA
"883",NA,NA,NA
"884",NA,NA,NA
"885",NA,NA,NA
"886",NA,NA,NA
"887",NA,NA,NA
"888",NA,NA,NA
"889",NA,NA,NA
"890",NA,NA,NA
"891",NA,NA,NA
"892",NA,NA,NA
"893",NA,NA,NA
"894",NA,NA,NA
"895",NA,NA,NA
"896",NA,NA,NA
"897",NA,NA,NA
"898",NA,NA,NA
"899",NA,NA,NA
"900",NA,NA,NA
"901",NA,NA,NA
"902",NA,NA,NA
"903",NA,NA,NA
"904",NA,NA,NA
"905",NA,NA,NA
"906",NA,NA,NA
"907",NA,NA,NA
"908",NA,NA,NA
"909",NA,NA,NA
"910",NA,NA,NA
"911",NA,NA,NA
"912",NA,NA,NA
"913",NA,NA,NA
"914",NA,NA,NA
"915",NA,NA,NA
"916",NA,NA,NA
"917",NA,NA,NA
"918",NA,NA,NA
"920",NA,NA,NA
"921",NA,NA,NA
"922",NA,NA,NA
"923",NA,NA,NA
"924",NA,NA,NA
"925",NA,NA,NA
"926",NA,NA,NA
"927",NA,NA,NA
"928",NA,NA,NA
"929",NA,NA,NA
"930",NA,NA,NA
"931",NA,NA,NA
"932",NA,NA,NA
"933",NA,NA,NA
"934",NA,NA,NA
"935",NA,NA,NA
"936",NA,NA,NA
"937",NA,NA,NA
"938",NA,NA,NA
"939",NA,NA,NA
"940",NA,NA,NA
"941",NA,NA,NA
"942",NA,NA,NA
"943",NA,NA,NA
"945",NA,NA,NA
"946",NA,NA,NA
"947",NA,NA,NA
"948",NA,NA,NA
"949",NA,NA,NA
"950",NA,NA,NA
"951",NA,NA,NA
"952",NA,NA,NA
"953",NA,NA,NA
"954",NA,NA,NA
"955",NA,NA,NA
"957",NA,NA,NA
"958",NA,NA,NA
"959",NA,NA,NA
"960",NA,NA,NA
"961",NA,NA,NA
"966",NA,NA,NA
"967",NA,NA,NA
"968",NA,NA,NA
"969",NA,NA,NA
"970",NA,NA,NA
"971",NA,NA,NA
"972",NA,NA,NA
"973",NA,NA,NA
"974",NA,NA,NA
"975",NA,NA,NA
"976",NA,NA,NA
"977",NA,NA,NA
"978",NA,NA,NA
"979",NA,NA,NA
"980",NA,NA,NA
"981",NA,NA,NA
"982",NA,NA,NA
"984",NA,NA,NA
"985",NA,NA,NA
"986",NA,NA,NA
"988",NA,NA,NA
"989",NA,NA,NA
"990",NA,NA,NA
"991",NA,NA,NA
"992",NA,NA,NA
"993",NA,NA,NA
"994",NA,NA,NA
"995",NA,NA,NA
"996",NA,NA,NA
"997",NA,NA,NA
"998",NA,NA,NA
"999",NA,NA,NA
"1000",NA,NA,NA
"1001",NA,NA,NA
"1002",NA,NA,NA
"1003",NA,NA,NA
"1010",NA,NA,NA
"1442",NA,NA,NA
"1443",NA,NA,NA
"1444",NA,NA,NA
"1446",NA,NA,NA
"1447",NA,NA,NA
"1448",NA,NA,NA
"1449",NA,NA,NA
"1490",NA,NA,NA
"1491",NA,NA,NA
"1492",NA,NA,NA
"1493",NA,NA,NA
"1494",NA,NA,NA
"1495",NA,NA,NA
"1496",NA,NA,NA
"1497",NA,NA,NA
"1498",NA,NA,NA
"1499",NA,NA,NA
"1500",NA,NA,NA
"407",37.888469393029,9.29444397344928,16.9572030646812
