sample-id,Notes,BirdID,Phase,CollYear,CollMonth,CollDay,Sex,Age,WeightNE,DigestivTrLength (SI+LI+2xceca),Gut - rectum (SI),Caecum,ceca/weight,ceca/Gut length,SI/weight,SeqRun
1,,LM-08-028,late,2008,11,2,M,A,527.19,211,,49,9.29,23.22,0,1
2,1,LM-11-002,early,2011,10,1,M,J,480.99,202.5,103,44,9.15,21.73,21.41416661,
3,,LM-08-101,late,2008,11,8,F,A,469.38,175,,41,8.73,23.43,,1
4,,LM-09-134,early,2009,10,5,F,J,445.63,191,,44,9.87,23.04,,1
5,,LM-09-119,late,2009,11,1,F,A,495.69,189,,47,9.48,24.87,,1
6,,LM-09-114,late,2009,11,1,F,A,455.87,177,,40,8.77,22.6,,1
7,,LM-09-109,early,2009,10,4,F,A,510.35,188,,41,8.03,21.81,,1
8,,LM-09-108,early,2009,10,4,M,A,516.77,173,,37,7.16,21.39,,1
9,,LM-08-025,late,2008,11,2,M,A,622.04,191,,43,6.91,22.51,,1
10,,LM-08-055,early,2008,10,4,M,A,522.8,170,,36,6.89,21.18,,1
11,,LM-08-071,early,2008,10,3,M,A,513,180,,38,7.41,21.11,,1
12,,LM-08-008,early,2008,10,3,M,J,541.07,171,,40,7.39,23.39,,1
13,,LM-08-059,early,2008,10,5,M,J,535,196,,46,8.6,23.47,,1
14,,LM-08-064,late,2008,11,6,F,A,472.34,185,,42,8.89,22.7,,1
15,,LM-08-084,early,2008,10,3,F,J,454.07,191,,44,9.69,23.04,,1
16,,LM-08-036,late,2008,11,2,M,A,513.24,192,,44,8.57,22.92,,1
17,,LM-08-037,late,2008,11,2,F,A,456.53,180,,41,8.98,22.78,,1
18,,LM-08-054,early,2008,10,4,F,J,476.38,184,,42,8.82,22.83,,1
19,,LM-08-019,early,2008,10,3,M,A,550.44,180,,40,7.27,22.22,,1
20,,LM-08-087,early,2008,10,4,F,J,460.65,196,,45,9.77,22.96,,1
21,,LM-08-040,late,2008,11,8,F,A,528.99,177,,38,7.18,21.47,,1
22,,LM-08-053,early,2008,10,4,M,J,516,182,,42,8.14,23.08,,1
23,,LM-08-073,early,2008,10,3,F,J,482.95,186,,42,8.7,22.58,,1
24,,LM-08-007,early,2008,10,3,M,J,530,190,,44,8.3,23.16,,1
25,,LM-08-074,early,2008,10,3,M,A,542.36,,,,,,,7
26,,LM-08-117,early,2008,10,4,F,J,506.5,,,,,,,7
27,,LM-08-112,early,2008,10,4,F,J,478.46,,,,,,,
28,,LM-08-113,early,2008,10,4,M,A,549.66,,,,,,,7
29,,LM-08-023,early,2008,10,4,M,A,551.1,,,,,,,7
30,,LM-08-058,early,2008,10,4,M,A,559.74,,,,,,,7
31,,LM-08-022,early,2008,10,5,F,J,536.65,,,,,,,7
32,,LM-08-118,early,2008,10,4,M,J,564.05,195,,42,7.45,21.54,,7
33,,LM-08-124,early,2008,10,5,F,J,494.19,,,,,,,7
34,,LM-08-009,early,2008,10,3,M,A,585.46,,,,,,,7
35,,LM-08-063,early,2008,10,3,F,J,521.97,197,,45,8.62,22.84,,7
36,,LM-08-083,early,2008,10,3,F,J,474.03,184,,43,9.07,23.37,,7
37,,LM-08-079,early,2008,10,3,M,J,483.72,184,,41,8.48,22.28,,7
38,,LM-08-137,early,2008,10,4,F,J,457.69,186,,43,9.4,23.12,,7
39,,LM-08-004,early,2008,10,2,F,J,479.36,192,,46,9.6,23.96,,7
41,,LM-08-044,early,2008,10,2,F,J,518.31,181,,39,7.52,21.55,,7
42,,LM-08-082,early,2008,10,3,M,J,531,181,,41,7.72,22.65,,7
43,Dry sandy cecum contents,LM-08-125,early,2008,10,5,M,J,521.44,185,,42,8.05,22.7,,7
44,"Dry, sandy cecum",LM-08-080,late,2008,11,6,F,A,493.74,200,,47,9.52,23.5,,7
45,,LM-08-120,early,2008,10,5,M,J,502.28,,,,,,,7
46,,LM-08-002,early,2008,10,2,F,J,464.42,191,,46,9.9,24.08,,7
47,,LM-08-075,early,2008,10,3,M,J,473.77,188,,43,9.08,22.87,,7
48,,LM-08-123,early,2008,10,5,M,J,568.97,194,,46,8.08,23.71,,7
49,,LM-08-033,early,2008,10,3,M,J,559.57,182,,42,7.51,23.08,,7
50,,LM-08-140,early,2008,10,5,F,J,499.05,195,,44,8.82,22.56,,7
51,,LM-08-043,early,2008,10,2,M,J,449.63,186,,43,9.56,23.12,,7
52,,LM-08-066,early,2008,10,4,F,J,425.77,188,,44,10.33,23.4,,7
53,,LM-08-005,early,2008,10,2,M,J,452.43,,,,,,,7
54,,LM-08-026,late,2008,11,1,F,A,485.29,193,,45,9.27,23.32,,7
55,,LM-08-065,early,2008,10,4,F,A,511.75,179,,42,8.21,23.46,,7
56,,LM-08-077,early,2008,10,3,M,J,548,193,,47,8.58,24.35,,7
57,,LM-08-086,early,2008,10,4,F,A,521.01,170,,34,6.53,20,,3
58,,LM-08-111,early,2008,10,4,F,A,492,174,,39,7.93,22.41,,3
59,,LM-08-024,early,2008,10,5,M,J,474.56,173,,37,7.8,21.39,,3
60,,LM-08-045,early,2008,10,2,M,J,509,203,,48,9.43,23.65,,3
61,,LM-08-057,early,2008,10,4,F,J,486.83,191,,43,8.83,22.51,,7
62,,LM-08-081,early,2008,10,3,F,J,517.5,190,,44,8.5,23.16,,7
63,,LM-08-015,early,2008,10,3,M,J,501,172,,40,7.98,23.26,,7
64,,LM-08-133,early,2008,10,4,M,J,487.36,195,,46,9.44,23.59,,3
65,Dry cecum,LM-08-052,early,2008,10,4,M,J,525,189,,40,7.62,21.16,,3
66,,LM-08-136,early,2008,10,4,F,J,471.32,191,,45,9.55,23.56,,7
67,,LM-08-035,early,2008,10,5,F,A,486.99,178,,39,8.01,21.91,,7
68,,LM-08-018,early,2008,10,3,M,J,550.78,186,,41,7.44,22.04,,7
69,,LM-08-096,early,2008,10,4,F,A,500.48,172,,38,7.59,22.09,,3
70,,LM-08-138,early,2008,10,4,M,A,510.05,179,,38,7.45,21.23,,1
71,,LM-08-078,early,2008,10,3,F,A,476.75,176,,40,8.39,22.73,,1
72,,LM-08-031,early,2008,10,3,M,J,486,183,,43,8.85,23.5,,1
73,,LM-08-116,early,2008,10,4,F,A,509,177,,36,7.07,20.34,,1
74,,LM-08-030,late,2008,11,2,M,A,533,178,,41,7.69,23.03,,1
75,,LM-08-051,early,2008,10,4,M,J,512.35,200,,48,9.37,24,,3
76,,LM-08-100,early,2008,10,3,F,A,468.56,,,,,,,3
77,,LM-08-029,late,2008,11,2,F,A,468.04,184,,43,9.19,23.37,,1
78,,LM-08-103,late,2008,11,6,M,A,549.82,190,,47,8.55,24.74,,1
79,,LM-09-159,late,2009,11,1,F,A,479.63,183,,44,9.17,24.04,,1
80,,LM-09-158,late,2009,11,1,F,A,458.62,193,,44,9.59,22.8,,1
81,,LM-09-165,early,2009,10,6,F,A,551.18,178,,40,7.26,22.47,,1
82,,LM-08-006,early,2008,10,3,F,J,438.44,184,,43,9.81,23.37,,1
83,,LM-08-095,early,2008,10,3,M,J,497.39,196,,45,9.05,22.96,,
84,,LM-08-062,early,2008,10,3,F,A,458.5,178,,38,8.29,21.35,,1
85,,LM-08-038,late,2008,11,8,M,A,541.01,191,,44,8.13,23.04,,1
86,,LM-08-027,late,2008,11,2,M,A,516.21,191,,44,8.52,23.04,,1
87,1,LM-08-102,late,2008,11,7,M,A,532,187,,45,8.46,24.06,,1
88,,LM-09-171,late,2009,11,1,F,A,453.44,190,,43,9.48,22.63,,1
89,,LM-09-170,late,2009,11,1,F,A,433.75,178,,41,9.45,23.03,,1
90,,LM-08-020,early,2008,10,4,M,A,476.34,174,,38,7.98,21.84,,1
92,,LM-08-115,early,2008,10,4,F,A,497.06,191,,44,8.85,23.04,,1
93,Previously 22_LM_C_0040,LM-08-041,early,2008,10,2,M,A,522.69,178,,39,7.46,21.91,,1
94,,LM-08-072,early,2008,10,3,F,A,514.52,187,,43,8.36,22.99,,1
95,,LM-08-085,early,2008,10,4,M,A,522.96,171,,37,7.08,21.64,,1
96,,LM-08-039,late,2008,11,8,F,A,495.09,184,,41,8.28,22.28,,1
97,,LM-09-022,early,2009,10,4,M,A,514.2,181,,42,8.17,23.2,,1
98,,LM-09-168,late,2009,10,30,M,A,502.53,179,,42,8.36,23.46,,1
99,,LM-09-127,early,2009,10,6,M,A,573.72,176,,36,6.27,20.45,,1
100,,LM-09-099,early,2009,10,4,M,J,543.8,198,,45,8.28,22.73,,1
101,,LM-09-175,late,2009,10,30,M,A,512.47,201,,47,9.17,23.38,,1
102,,LM-09-174,late,2009,10,30,M,A,560.38,197,,47,8.39,23.86,,1
103,,LM-09-055,early,2009,10,4,F,J,561.39,201,,47,8.37,23.38,,1
104,,LM-09-046,early,2009,10,2,M,J,539.5,193,,44,8.16,22.8,,1
105,,LM-09-090,early,2009,10,3,M,J,491.26,190,,40,8.14,21.05,,1
106,,LM-09-002,early,2009,10,1,M,J,519.98,200,,47,9.04,23.5,,1
107,,LM-09-140,early,2009,10,5,F,J,490.28,187,,42,8.57,22.46,,1
108,,LM-09-043,early,2009,10,2,F,J,488.97,192,,43,8.79,22.4,,1
109,,LM-09-117,late,2009,10,31,M,A,504.45,190,,43,8.52,22.63,,1
110,,LM-09-032,early,2009,10,4,F,A,486.23,171,,38,7.82,22.22,,1
111,,LM-09-118,late,2009,10,31,M,A,529.75,203,,50,9.44,24.63,,1
112,,LM-09-173,late,2009,11,1,M,A,532.69,188,,44,8.26,23.4,,1
113,,LM-09-044,early,2009,10,2,F,A,516.82,191,,41,7.93,21.47,,1
114,,LM-09-081,early,2009,10,2,F,A,512.23,179,,42,8.2,23.46,,
115,,LM-09-105,early,2009,10,3,F,A,490.48,183,,39,7.95,21.31,,
116,,LM-09-172,late,2009,11,1,M,A,495.09,193,,46,9.29,23.83,,1
117,,LM-09-058,early,2009,10,5,F,J,512.6,194,,45,8.78,23.2,,1
118,,LM-09-047,early,2009,10,2,F,J,460.14,190,,45,9.78,23.68,,1
119,,LM-09-056,early,2009,10,5,M,A,552.38,190,,44,7.97,23.16,,1
120,,LM-09-069,early,2009,10,6,M,A,532.19,183,,43,8.08,23.5,,1
121,,LM-09-006,early,2009,10,1,M,J,549.67,199,,47,8.55,23.62,,
122,,LM-10-102,early,2010,10,2,F,J,465.1,187,95,40,8.6,21.39,20.4257149,
123,1,LM-10-291,early,2010,10,6,M,A,504,180,84,42,8.33,23.33,16.66666667,1
124,1,LM-10-218,early,2010,10,4,M,A,496,174,87,38,7.66,21.84,17.54032258,1
125,,LM-09-089,early,2009,10,3,M,J,540.74,200,,47,8.69,23.5,,1
126,,LM-09-007,early,2009,10,1,M,J,540.71,193,,44,8.14,22.8,,1
127,,LM-09-088,early,2009,10,3,M,A,518.71,157,,33,6.36,21.02,,1
128,,LM-09-026,early,2009,10,4,M,A,581.84,189,,43,7.39,22.75,,1
129,,LM-09-036,early,2009,10,5,M,A,509.35,174,,38,7.46,21.84,,1
130,,LM-09-093,early,2009,10,3,M,J,499.91,194,,45,9,23.2,,1
131,1,LM-09-156,late,2009,11,1,F,A,449.77,184,,44,9.78,23.91,,1
132,1,LM-09-116,late,2009,11,1,F,A,476.58,178,,40,8.39,22.47,,1
133,1,LM-09-115,late,2009,10,31,F,A,462.95,181,,41,8.86,22.65,,1
134,1,LM-09-143,early,2009,10,5,M,J,556.61,198,,45,8.08,22.73,,1
135,1,LM-09-139,early,2009,10,5,F,J,482.85,179,,41,8.49,22.91,,1
136,1,LM-09-138,early,2009,10,5,F,J,485.8,189,,46,9.47,24.34,,1
137,3,LM-09-087,early,2009,10,3,F,J,480.24,197,,46,9.58,23.35,,1
138,2,LM-09-107,early,2009,10,3,M,J,513.23,179,,41,7.99,22.91,,1
139,2,LM-09-154,early,2009,10,7,F,J,444.17,205,,45,10.13,21.95,,1
140,1,LM-09-157,late,2009,11,1,F,A,480.56,184,,40,8.32,21.74,,1
141,1,LM-09-155,late,2009,10,30,F,A,449.74,182,,41,9.12,22.53,,1
142,2,LM-09-128,early,2009,10,7,F,J,488.59,189,,41,8.39,21.69,,1
143,2,LM-09-120,late,2009,10,30,F,A,429.65,178,,39,9.08,21.91,,1
144,1,LM-09-144,early,2009,10,5,F,J,558.91,204,,49,8.77,24.02,,1
145,,LM-09-147,early,2009,10,7,M,J,541.88,199,,47,8.67,23.62,,1
146,,LM-09-142,early,2009,10,5,M,J,514.4,187,,43,8.36,22.99,,1
147,1,LM-09-137,early,2009,10,5,F,J,417.19,173,,37,8.87,21.39,,1
148,2,LM-09-146,early,2009,10,7,M,J,550.24,201,,47,8.54,23.38,,1
149,2,LM-09-169,late,2009,11,1,F,A,458.61,191,,45,9.81,23.56,,1
150,2,LM-09-160,late,2009,11,1,F,A,448.18,177,,40,8.92,22.6,,1
151,2,LM-09-166,early,2009,10,6,M,A,539.92,174,,40,7.41,22.99,,1
152,1,LM-09-054,early,2009,10,4,F,J,523.81,191,,44,8.4,23.04,,1
153,1,LM-09-053,early,2009,10,3,M,J,513.86,186,,42,8.17,22.58,,1
154,3,LM-09-122,early,2009,10,6,F,J,477.84,204,,47,9.84,23.04,,1
155,1,LM-09-106,early,2009,10,3,M,J,515.49,201,,50,9.7,24.88,,1
156,2,LM-09-072,early,2009,10,3,M,J,552.66,185,,45,8.14,24.32,,1
157,1,LM-09-085,early,2009,10,3,F,J,474.89,190,,44,9.27,23.16,,1
158,2,LM-09-001,early,2009,10,1,F,J,479.67,182,,41,8.55,22.53,,1
159,1,LM-09-009,early,2009,10,1,M,J,565.4,193,,41,7.25,21.24,,1
160,2,LM-09-010,early,2009,10,1,M,J,524.13,181,,42,8.01,23.2,,1
161,3,LM-09-034,early,2009,10,4,F,J,452.14,190,,43,9.51,22.63,,1
162,2,LM-09-045,early,2009,10,2,F,J,482.96,196,,45,9.32,22.96,,1
163,1,LM-09-077,early,2009,10,4,M,A,538.43,196,,47,8.73,23.98,,1
164,3,LM-09-071,early,2009,10,3,F,J,491.29,192,,45,9.16,23.44,,1
165,1,LM-09-078,early,2009,10,4,M,A,536.9,179,,37,6.89,20.67,,1
166,2,LM-09-073,early,2009,10,3,M,J,522.08,186,,42,8.04,22.58,,1
167,3,LM-09-012,early,2009,10,1,M,J,507.41,199,,48,9.46,24.12,,1
168,,LM-10-134,early,2010,10,2,M,J,468.19,198,93,46,9.83,23.23,19.86373054,1
169,3,LM-09-013,early,2009,10,1,M,J,514.48,197,,45,8.75,22.84,,1
170,3,LM-09-011,early,2009,10,1,M,J,521.94,180,,39,7.47,21.67,,1
171,3,LM-09-104,early,2009,10,2,F,J,537.59,204,,45,8.37,22.06,,1
172,3,LM-09-103,early,2009,10,2,M,A,510.35,181,,38,7.45,20.99,,1
173,1,LM-09-004,early,2009,10,1,F,J,483.03,200,,48,9.94,24,,1
174,1,LM-09-039,early,2009,10,6,M,A,539.8,173,,40,7.41,23.12,,1
175,1,LM-09-005,early,2009,10,1,F,J,476.38,189,,42,8.82,22.22,,1
176,1,LM-09-008,early,2009,10,1,M,J,506.24,186,,40,7.9,21.51,,1
177,2,LM-09-048,early,2009,10,2,M,J,512.8,178,,41,8,23.03,,1
178,1,LM-09-051,early,2009,10,3,F,J,415.68,189,,42,10.1,22.22,,1
179,2,LM-09-052,early,2009,10,3,M,J,541.75,177,,41,7.57,23.16,,1
180,3,LM-09-092,early,2009,10,3,F,J,442.59,199,,47,10.62,23.62,,1
181,1,LM-10-032,early,2010,10,2,F,A,503.3,183,92,40,7.95,21.86,18.27935625,1
182,1,LM-10-324,early,2010,10,6,F,J,429.93,164,83,35,8.14,21.34,19.30546833,1
183,1,LM-10-013,early,2010,10,1,F,A,523.5,195,88,47,8.98,24.1,16.80993314,1
184,1,LM-10-208,early,2010,10,4,F,A,477.93,165,85,34,7.11,20.61,17.78503128,1
185,1,LM-10-229,early,2010,10,5,F,J,465.58,177,86,40,8.59,22.6,18.47158383,1
186,1,LM-10-097,early,2010,10,3,M,J,491.1,190,92,43,8.76,22.63,18.73345551,1
187,1,LM-10-292,early,2010,10,6,M,A,501.47,179,93,37,7.38,20.67,18.5454763,1
188,1,LM-10-048,early,2010,10,3,M,J,486.73,187,90,43,8.83,22.99,18.49074436,1
189,1,LM-10-285,early,2010,10,5,M,A,490,169,84,37,7.55,21.89,17.14285714,1
190,1,LM-10-243,early,2010,10,4,M,A,490.05,145,75,30,6.12,20.69,15.30456076,1
191,1,LM-10-284,early,2010,10,5,M,A,514.55,183,91,40,7.77,21.86,17.68535614,1
192,1,LM-10-107,early,2010,10,2,F,J,470.26,188,95,41,8.72,21.81,20.20159061,1
193,,LM-10-274,early,2010,10,6,F,A,468,180,85,41,8.76,22.78,18.16239316,1
194,1,LM-10-040,early,2010,10,2,F,A,517.23,185,97,38,7.35,20.54,18.75374592,1
195,1,LM-10-085,early,2010,10,2,F,A,475.2,172,85,37,7.79,21.51,17.88720539,1
196,1,LM-18-061,early,2018,10,6,F,A,452,178.5,83.5,42,9.29,23.53,18.47345133,6
197,1,LM-18-069,early,2018,10,10,M,J,549.35,187,82.5,46,8.37,24.6,15.01774825,6
198,1,LM-10-058,early,2010,10,6,M,J,493.25,185,89,43,8.72,23.24,18.04358844,2
199,1,LM-10-023,early,2010,10,1,M,J,534.97,202,103,43,8.04,21.29,19.25341608,1
200,1,LM-10-142,early,2010,10,4,M,A,539,190,96,41,7.61,21.58,17.81076067,1
201,3,LM-10-220,early,2010,10,4,F,J,392.93,194,90,46,11.71,23.71,22.9048431,1
202,1,LM-10-066,early,2010,10,3,M,A,551.19,173,90,35,6.35,20.23,16.32830784,1
203,2,LM-10-202,early,2010,10,3,M,J,472,179,97,35,7.42,19.55,20.55084746,1
204,,LM-10-011,early,2010,10,1,M,J,511.94,190,95,42,8.2,22.11,18.55686213,2
205,1,LM-10-310,early,2010,10,6,M,J,491.08,178,87,40,8.15,22.47,17.71605441,1
206,1,LM-10-306,early,2010,10,6,F,J,489.68,189,104,36,7.35,19.05,21.23835975,2
207,1,LM-10-207,early,2010,10,3,M,A,560,172,83,39,6.96,22.67,14.82142857,2
208,1,LM-10-251,early,2010,10,5,F,J,472.51,188,94,42,8.89,22.34,19.89375886,2
209,1,LM-10-268,early,2010,10,5,M,J,533.67,200,99,45,8.43,22.5,18.55078981,2
210,2,LM-10-304,early,2010,10,6,F,J,477.35,171,86,37,7.75,21.64,18.01613072,2
211,2,LM-10-307,early,2010,10,6,M,A,539.37,183,90,40,7.42,21.86,16.68613382,2
212,2,LM-10-265,early,2010,10,5,M,A,528.25,165,80,37,7,22.42,15.14434453,2
213,1,LM-10-326,early,2010,10,6,M,J,509.21,188,86,45,8.84,23.94,16.88890635,2
214,1,LM-10-295,early,2010,10,6,F,A,503.5,192,94,43,8.54,22.4,18.6693148,2
215,1,LM-10-288,early,2010,10,6,F,J,458.91,194,97,43,9.37,22.16,21.13704212,2
216,2,LM-10-327,early,2010,10,6,M,J,484.47,205,100,47,9.7,22.93,20.64111297,2
217,1,LM-10-012,early,2010,10,1,F,J,427.98,175,89,37,8.65,21.14,20.79536427,2
218,1,LM-10-034,early,2010,10,2,F,J,382.07,189,95,41,10.73,21.69,24.86455362,2
219,1,LM-10-038,early,2010,10,2,M,J,498.06,170,85,37,7.43,21.76,17.06621692,2
220,1,LM-10-069,early,2010,10,3,M,A,520.13,,,,,,,2
221,1,LM-10-137,early,2010,10,4,F,J,503.2,177,88,39,7.75,22.03,17.48807631,2
222,1,LM-10-141,early,2010,10,4,M,A,507,175,86,39,7.69,22.29,16.96252465,2
223,1,LM-10-061,early,2010,10,2,F,A,469.42,177,88,39,8.31,22.03,18.74653828,2
224,1,LM-10-124,early,2010,10,2,M,A,496,158,80,34,6.85,21.52,16.12903226,2
225,1,LM-10-204,early,2010,10,3,M,J,517.95,163,92,30,5.79,18.4,17.76233227,2
226,,LM-10-258,early,2010,10,5,F,A,424.26,,,,,,,2
227,2,LM-10-215,early,2010,10,4,F,J,435,173,86,38,8.74,21.97,19.77011494,2
228,,LM-10-071,early,2010,10,2,F,J,461,183,93,39,8.46,21.31,20.17353579,2
229,2,LM-10-225,early,2010,10,5,M,A,540,179,91,37,6.85,20.67,16.85185185,2
230,,LM-10-054,early,2010,10,5,F,J,486.14,182,94,38,7.82,20.88,19.33599375,2
231,,LM-10-075,early,2010,10,2,M,J,512.04,183,89,40,7.81,21.86,17.38145457,2
232,2,LM-10-031,early,2010,10,2,F,J,451.13,210,107,46,10.2,21.9,23.7182187,2
233,2,LM-10-074,early,2010,10,2,F,J,401.04,178,86,40,9.97,22.47,21.44424496,2
234,2,LM-10-289,early,2010,10,6,F,J,469.85,165,84,35,7.45,21.21,17.87804618,2
235,1,LM-10-293,early,2010,10,6,M,A,530.69,165,83,35,6.6,21.21,15.64001583,2
236,1,LM-10-222,early,2010,10,4,M,A,481.04,154,80,32,6.65,20.78,16.63063363,2
237,1,LM-10-223,early,2010,10,4,M,J,504.21,177,82,42,8.33,23.73,16.26306499,2
238,1,LM-10-191,early,2010,10,3,F,J,489.23,,,,,,,2
239,2,LM-10-067,early,2010,10,3,F,J,429.26,164,81,36,8.39,21.95,18.86968271,2
240,1,LM-10-068,early,2010,10,3,M,J,547.12,187,95,40,7.31,21.39,17.36364966,2
241,1,LM-10-100,early,2010,10,4,M,J,496.71,181,92,39,7.85,21.55,18.52187393,2
242,1,LM-10-136,early,2010,10,2,M,A,503.08,178,87,39,7.75,21.91,17.29347221,2
243,1,LM-10-131,early,2010,10,2,M,A,537.44,,,,,,,2
244,1,LM-10-122,early,2010,10,2,M,J,486.63,172,88,36,7.4,20.93,18.08355424,2
245,,LM-10-065,early,2010,10,3,F,J,412,166,81,37,8.98,22.29,19.66019417,2
246,,LM-10-199,early,2010,10,3,F,J,439.95,173,82,40,9.09,23.12,18.63848165,2
247,3,LM-10-270,early,2010,10,5,M,J,500.55,178,88,39,7.79,21.91,17.58066127,2
248,,LM-10-271,early,2010,10,5,M,A,497.33,150,78,31,6.23,20.67,15.68375123,2
250,,LM-10-257,early,2010,10,5,F,J,463.08,193,89,46,9.93,23.83,19.2191414,2
251,,LM-10-259,early,2010,10,5,M,J,490.58,185,93,40,8.15,21.62,18.95715276,2
252,,LM-10-226,early,2010,10,5,F,J,479.93,179,92,39,8.13,21.79,19.16946221,2
253,,LM-10-024,early,2010,10,1,M,J,519.27,194,94,44,8.47,22.68,18.10233597,2
254,1,LM-07-020,early,2007,10,2,M,J,502,184,,42.5,8.47,23.1,,2
255,1,LM-07-094,early,2007,10,3,F,J,414.78,169,,37,8.92,21.89,,2
256,,LM-10-200,early,2010,10,3,M,A,482.94,170,86,36,7.45,21.18,17.80759515,2
258,,LM-10-093,early,2010,10,3,M,J,540.42,184,88,42,7.77,22.83,16.28363125,2
259,1,LM-10-211,early,2010,10,4,F,J,440,172,85,39,8.86,22.67,19.31818182,2
260,1,LM-10-049,early,2010,10,3,M,J,476.73,195,94,44,9.23,22.56,19.71765989,2
261,2,LM-10-094,early,2010,10,3,F,J,440.13,163,83,34,7.72,20.86,18.85806466,2
262,2,LM-10-099,early,2010,10,3,F,A,508.52,169,83,37,7.28,21.89,16.32187525,2
263,2,LM-10-091,early,2010,10,3,M,J,475.94,174,86,39,8.19,22.41,18.06950456,2
264,3,LM-10-272,early,2010,10,6,M,A,514.37,189,90,43,8.36,22.75,17.49713241,2
265,3,LM-10-051,early,2010,10,3,M,A,540.02,174,84,38,7.04,21.84,15.55497945,2
266,,LM-10-139,early,2010,10,4,M,A,525.95,164,85,34,6.46,20.73,16.16123206,2
267,1,LM-10-053,early,2010,10,5,F,J,450.89,177,93,36,7.98,20.34,20.62587327,2
268,1,LM-10-143,early,2010,10,4,F,A,498,183,91,40,8.03,21.86,18.27309237,2
269,1,LM-07-070,early,2007,10,4,M,A,488.22,162,,37,7.58,22.84,,2
270,1,LM-07-016,early,2007,10,2,M,A,522.8,166.5,,37.5,7.17,22.52,,2
271,1,LM-07-169,late,2007,11,3,M,A,537.23,174,,38.5,7.17,22.13,,2
272,1,LM-10-018,early,2010,10,1,F,J,470.15,184,86,43,9.15,23.37,18.29203446,2
273,1,LM-10-079,early,2010,10,3,M,J,465.63,188,86,45,9.66,23.94,18.46960033,2
274,1,LM-10-241,early,2010,10,4,M,J,501,162,82,35,6.99,21.6,16.36726547,2
275,1,LM-10-001,early,2010,10,1,M,J,397.57,176,86,40,10.06,22.73,21.63141082,2
276,2,LM-10-140,early,2010,10,4,M,A,476.88,166,85,35,7.34,21.08,17.82419057,2
277,1,LM-10-059,early,2010,10,6,F,J,434.89,181,86,42,9.66,23.2,19.77511555,2
278,1,LM-10-119,early,2010,10,2,M,A,522.24,156,80,32,6.13,20.51,15.31862745,2
279,1,LM-10-055,early,2010,10,5,M,J,543.76,191,92,43,7.91,22.51,16.91922907,2
280,1,LM-10-027,early,2010,10,1,F,J,458.51,187,92,42,9.16,22.46,20.06499313,2
281,1,LM-07-096,early,2007,10,3,M,J,502.64,184,,43,8.55,23.37,,2
282,1,LM-07-051,early,2007,10,2,F,J,479,173,,38,7.93,21.97,,2
283,1,LM-07-115,early,2007,10,3,M,A,532,181,,41,7.71,22.65,,2
284,1,LM-07-027,early,2007,10,1,F,J,472.4,180,,43,9.1,23.89,,2
285,2,LM-07-151,late,2007,11,2,F,A,454.57,167,,39,8.58,23.35,,2
286,2,LM-10-045,early,2010,10,2,M,A,583.56,190,93,42,7.2,22.11,15.93666461,2
287,3,LM-07-163,late,2007,11,4,F,A,492.02,187,,44,8.94,23.53,,2
288,3,LM-07-158,late,2007,11,3,F,A,473.76,191,,45.5,9.6,23.82,,2
289,1,LM-07-060,early,2007,10,3,M,A,516.38,170,,39,7.55,22.94,,2
290,2,LM-07-165,late,2007,11,4,M,A,505.42,174,,40,7.91,22.99,,2
291,,LM-07-119,early,2007,10,3,M,A,560,171.5,,35.5,6.34,20.7,,2
292,1,LM-07-004,early,2007,10,1,F,J,462.91,174,,40.5,8.75,23.28,,2
293,2,LM-07-019,early,2007,10,2,M,J,468.24,172,,40,8.54,23.26,,2
294,2,LM-07-066,early,2007,10,3,F,J,486.33,170.5,,39.5,8.12,23.17,,2
295,2,LM-07-006,early,2007,10,1,F,J,445.09,160,,35,7.86,21.88,,2
296,1,LM-07-166,late,2007,11,3,F,A,493.72,186,,43,8.71,23.12,,2
297,1,LM-07-054,early,2007,10,3,M,J,511.8,185,,42,8.21,22.7,,2
298,1,LM-07-029,early,2007,10,2,M,J,522.93,182,,42,8.03,23.08,,2
299,2,LM-07-050,early,2007,10,3,F,A,486,170,,39,8.02,22.94,,2
300,1,LM-07-089,early,2007,10,3,M,A,495,172,,39,7.88,22.67,,2
301,1,LM-07-156,late,2007,11,4,F,A,460,181,,44.5,9.67,24.59,,2
302,1,LM-07-161,late,2007,11,2,M,A,533.64,180,,42.5,7.96,23.61,,2
303,1,LM-07-028,early,2007,10,1,F,J,502.84,186,,41,8.15,22.04,,2
304,1,LM-07-025,early,2007,10,1,F,A,477.47,172,,38,7.96,22.09,,2
305,1,LM-07-044,early,2007,10,1,M,J,536.25,187,,42,7.83,22.46,,2
306,1,LM-07-111,early,2007,10,3,F,J,488.99,179,,43.5,8.9,24.3,,2
307,2,LM-07-047,early,2007,10,2,F,J,447,171,,40,8.95,23.39,,2
308,3,LM-07-164,late,2007,11,4,F,A,453.8,177,,42,9.26,23.73,,2
309,2,LM-07-153,late,2007,11,2,F,A,464.05,180.5,,43,9.27,23.82,,2
310,1,LM-07-008,early,2007,10,2,F,J,465.52,180.5,,42,9.02,23.27,,2
311,2,LM-07-087,early,2007,10,3,F,J,468,176,,42,8.97,23.86,,2
312,2,LM-07-018,early,2007,10,1,M,J,495.72,180,,41.5,8.37,23.06,,2
313,2,LM-07-118,early,2007,10,3,M,J,499.6,186,,44.5,8.91,23.92,,2
314,1,LM-07-010,early,2007,10,2,F,J,455.83,186,,46.5,10.2,25,,2
315,1,LM-07-092,early,2007,10,3,M,J,549.18,164,,35.5,6.46,21.65,,2
316,1,LM-07-168,late,2007,11,3,M,A,488.77,173,,39.5,8.08,22.83,,2
317,1,LM-07-167,late,2007,11,4,F,A,487.83,184,,42.5,8.71,23.1,,2
318,3,LM-07-162,late,2007,11,4,M,A,510.32,194,,46.5,9.11,23.97,,2
319,1,LM-07-013,early,2007,10,1,M,A,515.44,167,,37,7.18,22.16,,2
320,3,LM-07-142,early,2007,10,4,F,J,490.54,184,,43.5,8.87,23.64,,2
321,1,LM-07-173,late,2007,11,3,F,A,488.06,180,,44,9.02,24.44,,2
322,1,LM-07-091,early,2007,10,3,M,J,510,166,,39.5,7.75,23.8,,2
323,1,LM-07-160,late,2007,11,4,F,A,440.24,189,,47,10.68,24.87,,2
324,1,LM-07-159,late,2007,11,3,M,A,480.4,186,,45,9.37,24.19,,2
325,1,LM-07-032,early,2007,10,1,M,J,457,177,,41.5,9.08,23.45,,2
326,1,LM-07-012,early,2007,10,2,F,A,453,159,,36,7.95,22.64,,2
327,1,LM-07-041,early,2007,10,1,F,A,472.48,178,,40,8.47,22.47,,2
328,,LM-07-036,early,2007,10,1,M,A,553,180,,41,7.41,22.78,,2
329,1,LM-07-042,early,2007,10,1,F,A,462.37,164,,36,7.79,21.95,,2
330,1,LM-07-157,late,2007,11,3,M,A,502,179,,43,8.57,24.02,,2
331,1,LM-07-001,early,2007,10,1,F,J,399,179,,42,10.53,23.46,,2
332,1,LM-07-095,early,2007,10,3,M,J,469.94,188,,46,9.79,24.47,,2
333,1,LM-07-109,early,2007,10,3,F,J,465.18,179,,41,8.81,22.91,,2
334,1,LM-07-009,early,2007,10,2,M,J,525.76,173,,41,7.8,23.7,,2
335,1,LM-07-103,early,2007,10,3,M,A,545.77,175,,38,6.96,21.71,,2
336,3,LM-07-108,early,2007,10,3,M,J,497.32,186,,43,8.65,23.12,,2
337,2,LM-07-106,early,2007,10,3,M,J,567.71,187,,44,7.75,23.53,,2
338,2,LM-07-121,early,2007,10,3,F,J,469,172,,38.5,8.21,22.38,,2
339,1,LM-07-145,early,2007,10,4,M,J,512,178,,40,7.81,22.47,,2
340,1,LM-07-170,late,2007,11,3,F,A,490,184,,43.5,8.88,23.64,,2
341,1,LM-07-172,late,2007,11,2,F,A,429.01,207,,51,11.89,24.64,,2
342,1,LM-07-071,early,2007,10,3,M,J,469,173,,40,8.53,23.12,,2
343,2,LM-07-073,early,2007,10,3,F,J,472.71,183,,41.5,8.78,22.68,,2
344,2,LM-07-154,late,2007,11,2,F,A,432.15,171,,40.5,9.37,23.68,,2
345,1,LM-07-125,early,2007,10,4,M,A,522,173,,38.5,7.38,22.25,,2
346,1,LM-07-069,early,2007,10,3,M,J,491,172,,40.5,8.25,23.55,,2
347,1,LM-07-155,late,2007,11,4,F,A,496.65,176,,41.5,8.36,23.58,,2
348,1,LM-07-152,late,2007,11,2,F,A,519.46,188,,44.5,8.57,23.67,,2
349,1,LM-07-024,early,2007,10,1,F,J,489.34,183,,45,9.2,24.59,,3
350,,LM-07-043,early,2007,10,1,F,J,449.34,182,,41,9.12,22.53,,2
351,1,LM-07-085,early,2007,10,3,M,J,517,194,,47,9.09,24.23,,2
352,2,LM-07-040,early,2007,10,2,F,J,471,186,,45,9.55,24.19,,2
353,3,LM-07-099,early,2007,10,3,F,J,471,181,,41.5,8.81,22.93,,2
354,2,LM-07-146,early,2007,10,4,M,A,510.16,158,,33.5,6.57,21.2,,3
355,1,LM-07-061,early,2007,10,2,M,J,506.14,191,,44.5,8.79,23.3,,2
356,1,LM-07-062,early,2007,10,2,M,A,525,190,,44,8.38,23.16,,2
357,3,LM-07-171,late,2007,11,3,F,A,475.66,194,,46,9.67,23.71,,2
358,1,LM-07-110,early,2007,10,3,M,J,445.38,167,,38.5,8.64,23.05,,3
359,2,LM-07-056,early,2007,10,3,F,J,486.38,183,,42,8.64,22.95,,3
360,1,LM-07-002,early,2007,10,1,F,J,419,163,,37,8.83,22.7,,3
361,3,LM-07-052,early,2007,10,2,M,J,487.61,186,,44,9.02,23.66,,3
362,1,LM-07-045,early,2007,10,1,M,J,528.83,176,,38,7.19,21.59,,3
363,1,LM-07-005,early,2007,10,1,F,J,452.14,170,,40,8.85,23.53,,3
364,1,LM-11-191,early,2011,10,2,F,A,467,189,91.5,43,9.21,22.75,19.59314775,3
365,1,LM-07-021,early,2007,10,2,M,J,513.21,193,,45.5,8.87,23.58,,3
366,1,LM-07-003,early,2007,10,1,F,J,457.96,156,,34.5,7.53,22.12,,3
367,2,LM-11-171,early,2011,10,2,F,A,479.94,175.5,86.5,39,8.13,22.22,18.02308622,3
368,1,LM-11-175,early,2011,10,2,F,A,482.55,169.8,80,39.5,8.19,23.26,16.57859289,3
369,1,LM-11-148,early,2011,10,2,M,A,501.12,174.5,88.3,37.5,7.48,21.49,17.62053001,3
370,1,LM-11-138,early,2011,10,5,M,J,510.49,210,94.5,52,10.19,24.76,18.51162608,3
371,1,LM-11-137,early,2011,10,5,M,J,529.95,207,97.5,49,9.25,23.67,18.39796207,3
372,1,LM-11-135,early,2011,10,5,M,A,552.18,181.5,92,39,7.06,21.49,16.66123366,3
373,1,LM-11-142,early,2011,10,2,M,J,485,186,92,41,8.45,22.04,18.96907216,3
374,2,LM-11-084,early,2011,10,1,F,J,484,186.1,92.6,41,8.47,22.03,19.1322314,3
375,1,LM-11-169,early,2011,10,2,F,A,454.87,176,88,38,8.35,21.59,19.34618682,3
376,1,LM-11-131,early,2011,10,4,M,A,505.07,180,91,39,7.72,21.67,18.01730453,3
377,1,LM-11-132,early,2011,10,4,F,A,442,198,96,45,10.18,22.73,21.71945701,3
378,2,LM-11-120,early,2011,10,2,F,A,505.27,176,85.5,40,7.92,22.73,16.92164585,3
379,2,LM-11-133,early,2011,10,4,M,A,529,190.5,97,40,7.56,21,18.33648393,3
380,1,LM-11-086,early,2011,10,1,F,J,422.28,193.5,90,46,10.89,23.77,21.31287298,3
381,2,LM-11-101,early,2011,10,4,F,A,478.84,195,95,44,9.19,22.56,19.8396124,6
382,1,LM-11-104,early,2011,10,5,M,A,552.58,173.5,90,34,6.15,19.6,16.28723443,3
383,2,LM-11-126,early,2011,10,3,F,A,500.78,173,91,35.5,7.09,20.52,18.17165222,3
384,2,LM-11-145,early,2011,10,2,M,A,530.03,177.4,91.6,36.8,6.94,20.74,17.28204064,3
385,2,LM-11-143,early,2011,10,1,F,J,477.55,183.8,89.5,41,8.59,22.31,18.74149304,3
386,2,LM-11-116,early,2011,10,2,M,J,480.25,189.5,95,41,8.54,21.64,19.78136387,3
387,1,LM-11-147,early,2011,10,2,M,A,513.47,188,92,42.5,8.28,22.61,17.91730773,6
388,1,LM-11-190,early,2011,10,2,F,A,484.18,194.5,94,44.5,9.19,22.88,19.41426742,3
389,2,LM-11-163,early,2011,10,2,M,J,518.25,189.3,98,39.9,7.7,21.08,18.90979257,3
390,1,LM-11-014,early,2011,10,2,F,J,389.12,175,86,39,10.02,22.29,22.10115132,3
391,2,LM-11-089,early,2011,10,2,F,J,439.89,195,94,45,10.23,23.08,21.36897861,3
392,2,LM-11-128,early,2011,10,3,F,J,455.46,188.5,89,44,9.66,23.34,19.54068414,3
393,2,LM-11-092,early,2011,10,2,F,J,462.91,197.5,98,44,9.51,22.28,21.1704219,3
394,1,LM-11-093,early,2011,10,2,M,J,444.66,202.5,101,45,10.12,22.22,22.71398372,3
395,1,LM-11-097,early,2011,10,3,M,J,523.41,196,98,44,8.41,22.45,18.72337174,3
396,1,LM-11-033,early,2011,10,3,M,A,480.11,174.5,88,37.5,7.81,21.49,18.32913291,3
397,1,LM-11-155,early,2011,10,5,F,A,495.9,185.5,92,41,8.27,22.1,18.55212745,3
398,1,LM-11-119,early,2011,10,2,F,J,476.23,187.5,94,41,8.61,21.87,19.73836172,3
399,1,LM-11-001,early,2011,10,1,M,J,492.35,183.5,92,40,8.12,21.8,18.68589418,3
401,1,LM-11-030,early,2011,10,3,F,J,410.29,184.5,86,44,10.72,23.85,20.96078384,3
402,1,LM-11-003,early,2011,10,1,M,A,535.11,197,91,47,8.78,23.86,17.00584926,3
403,1,LM-11-043,early,2011,10,3,F,J,447.12,182,91,40.5,9.06,22.25,20.35247808,3
404,1,LM-11-026,early,2011,10,2,M,A,493.2,187.5,92,42,8.52,22.4,18.65369019,3
405,1,LM-11-115,early,2011,10,1,M,J,498.32,186.5,92,41,8.23,21.98,18.46203243,3
406,2,LM-11-040,early,2011,10,3,M,J,507.96,184.5,89,42,8.27,22.76,17.52106465,3
407,2,LM-11-038,early,2011,10,3,M,J,438.92,187,96,40,9.11,21.39,21.87186731,7
408,2,LM-11-117,early,2011,10,2,M,A,515.27,176.5,91,37,7.18,20.96,17.66064393,3
409,2,LM-11-100,early,2011,10,4,F,J,445,196,95,44,9.89,22.45,21.34831461,3
410,1,LM-11-088,early,2011,10,2,F,A,458.39,158.7,83,32.1,7,20.23,18.10685224,3
411,2,LM-11-177,early,2011,10,3,M,A,512.88,178.2,94,36.5,7.12,20.48,18.32787397,3
412,1,LM-11-027,early,2011,10,3,M,A,504,179,84,42,8.33,23.46,16.66666667,3
413,1,LM-11-031,early,2011,10,3,F,A,483.87,197.5,94,45.5,9.4,23.04,19.42670552,3
414,1,LM-11-016,early,2011,10,2,M,A,481.2,171.7,80.1,39.8,8.27,23.18,16.64588529,3
415,1,LM-11-042,early,2011,10,3,F,J,445.36,195,96,44,9.88,22.56,21.55559547,3
416,2,LM-11-004,early,2011,10,1,F,J,479.84,184.4,93,39.6,8.25,21.48,19.38146049,3
417,1,LM-11-009,early,2011,10,1,M,A,547.66,190.5,93.5,42.5,7.76,22.31,17.07263631,3
418,1,LM-11-011,early,2011,10,1,F,A,516.53,188.5,91,42.5,8.23,22.55,17.61756336,3
419,1,LM-11-034,early,2011,10,3,M,A,539.77,185,93,40,7.41,21.62,17.22956074,3
420,1,LM-11-130,early,2011,10,4,M,A,509,180,88,40,7.86,22.22,17.28880157,3
421,1,LM-11-261,early,2011,10,5,M,A,473.04,178,84,41.5,8.77,23.31,17.75748351,3
422,1,LM-11-255,early,2011,10,4,F,J,479,201.5,96,47,9.81,23.33,20.04175365,3
423,1,LM-11-260,early,2011,10,5,M,A,528.41,170,84,37,7,21.76,15.89674684,3
424,2,LM-11-156,early,2011,10,5,M,A,538.16,192,94.5,43,7.99,22.4,17.55983351,3
425,1,LM-11-165,early,2011,10,2,F,A,467,198.5,92,47.5,10.17,23.93,19.70021413,3
426,1,LM-11-206,early,2011,10,4,F,J,466.36,183,85,43,9.22,23.5,18.22626297,3
427,1,LM-11-259,early,2011,10,5,M,J,500.51,195,93,45,8.99,23.08,18.58104733,3
428,1,LM-12-172,early,2012,10,1,M,A,556.94,194.5,96,43,7.72,22.11,17.23704528,3
430,2,LM-11-025,early,2011,10,2,M,J,486.83,184,92,40,8.22,21.74,18.89776719,3
431,1,LM-11-022,early,2011,10,2,M,J,520.36,191.7,100.2,40,7.69,20.87,19.25589976,4
432,1,LM-11-203,early,2011,10,4,M,A,570.09,186.6,89,42.3,7.42,22.67,15.6115701,3
433,1,LM-11-209,early,2011,10,5,M,A,532.03,182,91,39.5,7.42,21.7,17.10429863,3
434,1,LM-11-152,early,2011,10,3,F,J,455.19,185.5,96,39,8.57,21.02,21.09009425,3
435,1,LM-11-127,early,2011,10,3,M,J,519,194,92,45,8.67,23.2,17.72639692,3
436,1,LM-11-265,early,2011,10,6,M,J,492,209,101,48.5,9.86,23.21,20.52845528,3
437,1,LM-11-263,early,2011,10,6,M,A,537.04,185,95,39.5,7.36,21.35,17.68955757,3
438,1,LM-11-200,early,2011,10,3,M,J,498.46,190.5,92,43,8.63,22.57,18.45684709,3
439,1,LM-11-221,early,2011,10,6,F,J,431.25,198.5,94,46.5,10.78,23.43,21.79710145,3
440,1,LM-11-257,early,2011,10,4,M,J,515.28,201,95,47,9.12,23.38,18.43657817,3
441,1,LM-12-083,early,2012,10,2,F,J,459.36,191,92,43,9.36,22.51,20.02786486,3
442,1,LM-11-157,early,2011,10,6,F,A,482.99,189.5,96,41,8.49,21.64,19.87618791,3
443,1,LM-11-181,early,2011,10,1,M,J,499.95,195.5,94,45,9,23.02,18.80188019,3
444,1,LM-11-210,early,2011,10,5,M,A,511.61,182.5,91,40,7.82,21.92,17.78698618,3
445,1,LM-12-197,early,2012,10,2,F,A,519.11,198,98,44,8.48,22.22,18.87846507,3
446,2,LM-12-221,early,2012,10,5,F,J,474.64,206,101,46,9.69,22.33,21.27928535,3
447,2,LM-12-132,early,2012,10,3,M,J,516.04,207,103,46,8.91,22.22,19.95969305,3
448,2,LM-12-222,early,2012,10,5,F,J,503.6,207,97,50,9.93,24.15,19.26131851,3
449,1,LM-12-131,early,2012,10,1,M,J,407.3,195,94,45,11.05,23.08,23.07881169,3
450,1,LM-11-205,early,2011,10,4,F,J,413.71,185,87,43,10.39,23.24,21.02922337,3
451,1,LM-11-172,early,2011,10,2,F,J,428.94,185,90,42,9.79,22.7,20.98195552,3
452,1,LM-11-048,early,2011,10,5,M,A,511.59,183,91,40,7.82,21.86,17.78768154,3
453,1,LM-12-021,early,2012,9,30,F,J,427.93,195,93,45,10.52,23.08,21.73252635,3
454,1,LM-11-202,early,2011,10,3,F,A,511.7,182.6,92.5,39.3,7.68,21.52,18.07699824,3
455,1,LM-11-162,early,2011,10,1,M,J,486.28,186.3,89,43,8.84,23.08,18.30221272,3
456,1,LM-12-398,early,2012,10,6,M,A,527.52,199,100,44,8.34,22.11,18.95662724,3
457,2,LM-11-201,early,2011,10,3,F,J,455.75,178,90,39,8.56,21.91,19.74766868,3
458,2,LM-12-022,early,2012,9,30,F,J,469.16,211,102,48,10.23,22.75,21.74098389,3
459,2,LM-12-023,early,2012,9,30,M,J,489.04,196,94,45,9.2,22.96,19.22133159,3
460,2,LM-12-162,early,2012,10,1,M,A,549.54,203,99,46,8.37,22.66,18.01506715,3
461,2,LM-12-089,early,2012,10,5,M,A,486.46,191,90,45,9.25,23.56,18.50100728,3
462,1,LM-12-217,early,2012,10,5,M,A,534.78,191,91,44,8.23,23.04,17.01634317,3
463,1,LM-12-109,early,2012,10,5,F,A,475,178,90,38,8,21.35,18.94736842,3
464,1,LM-12-105,early,2012,10,3,F,J,484.68,194,95,44,9.08,22.68,19.6005612,3
465,1,LM-12-200,early,2012,10,2,F,J,486.54,198,99,44,9.04,22.22,20.34776175,3
466,1,LM-12-090,early,2012,10,5,M,A,544.68,203,98,47,8.63,23.15,17.99221561,3
467,,,,,,,,,,,,,,,,
468,1,LM-12-401,early,2012,10,4,M,J,514.8,195,94,44,8.55,22.56,18.25951826,3
469,1,LM-12-403,early,2012,10,5,F,A,494.41,181,86,41,8.29,22.65,17.39447018,3
470,1,LM-12-410,early,2012,10,5,F,J,435,196,91,47,10.8,23.98,20.91954023,3
471,1,LM-12-195,early,2012,10,2,M,J,513,187,90,43,8.38,22.99,17.54385965,3
472,1,LM-12-011,early,2012,9,30,M,J,489,196,92,46,9.41,23.47,18.81390593,3
473,2,LM-12-043,early,2012,10,2,F,J,477.25,189,95,41,8.59,21.69,19.9057098,3
474,1,LM-12-146,early,2012,10,6,M,A,520.63,195,98,43,8.26,22.05,18.82334864,3
475,1,LM-12-196,early,2012,10,2,F,A,492.21,179,89,39,7.92,21.79,18.08171309,3
476,2,LM-12-374,early,2012,10,6,M,A,525.62,189,93,42,7.99,22.22,17.69339066,3
477,1,LM-12-144,early,2012,10,6,M,A,474.85,174,87,38,8,21.84,18.32157523,3
478,1,LM-12-082,early,2012,10,2,M,J,497.28,198,95,46,9.25,23.23,19.10392535,3
479,2,LM-12-048,early,2012,10,2,M,J,560.67,197,93,46,8.2,23.35,16.58729734,3
480,2,LM-12-051,early,2012,10,2,M,J,500.4,191,91,44,8.79,23.04,18.18545164,3
481,2,LM-12-375,early,2012,10,6,M,A,549.8,175,82,41,7.46,23.43,14.91451437,3
482,2,LM-12-383,early,2012,10,6,M,A,497,195,95,44,8.85,22.56,19.11468813,3
483,2,LM-12-394,early,2012,10,6,M,A,530,195,96,44,8.3,22.56,18.11320755,3
484,2,LM-12-141,early,2012,10,6,M,A,518.29,193,91,45,8.68,23.32,17.55773795,3
485,2,LM-12-199,early,2012,10,2,F,J,493.77,202,94,48,9.72,23.76,19.03720356,3
486,2,LM-12-045,early,2012,10,2,M,J,479.59,200,96,46,9.59,23,20.01709794,3
487,2,LM-12-050,early,2012,10,3,F,J,474.16,192,96,42,8.86,21.88,20.24633035,3
488,3,LM-12-058,early,2012,10,3,M,A,488,171,86,37,7.58,21.64,17.62295082,3
489,1,LM-12-193,early,2012,10,2,F,J,499.43,198,96,45,9.01,22.73,19.22191298,3
490,1,LM-12-142,early,2012,10,6,M,A,517,186,90,42,8.12,22.58,17.40812379,3
491,1,LM-12-173,early,2012,10,5,M,A,511.59,203,93,49,9.58,24.14,18.1786196,3
492,2,LM-12-167,early,2012,10,1,M,A,510,190,90.5,44,8.63,23.16,17.74509804,3
494,1,LM-12-163,early,2012,10,1,M,J,506,206,99,48,9.49,23.3,19.56521739,3
495,1,LM-12-198,early,2012,10,2,M,J,541.56,199,101,43,7.94,21.61,18.64982643,3
496,1,LM-12-213,early,2012,10,5,M,A,529,185,88,43,8.13,23.24,16.63516068,3
497,2,LM-12-069,early,2012,10,5,F,A,453.67,183,89,41,9.04,22.4,19.61778385,3
498,1,LM-13-029,early,2013,10,1,F,A,476.61,180.5,90,39.5,8.29,21.88,18.88336376,4
499,2,LM-12-008,early,2012,9,30,F,J,473.2,200,97,46,9.72,23,20.49873204,3
500,2,LM-12-060,early,2012,10,4,M,A,516.35,197,92,47,9.1,23.86,17.81737194,3
501,1,LM-12-192,early,2012,10,2,M,A,548.57,197,96,44,8.02,22.34,17.50004557,3
502,1,LM-12-079,early,2012,10,2,F,J,516.49,210,100,49,9.49,23.33,19.36145908,3
503,2,LM-12-092,early,2012,10,5,F,A,455,191,95,42,9.23,21.99,20.87912088,3
504,,LM-12-059,early,2012,10,4,M,J,549.15,186,93,41,7.47,22.04,16.93526359,3
505,1,LM-12-176,early,2012,10,5,M,A,529.24,187,91,42,7.94,22.46,17.19446754,3
506,2,LM-12-067,early,2012,10,4,M,A,602.3,202,98,46,7.64,22.77,16.27096131,3
507,2,LM-12-068,early,2012,10,4,M,A,562,187,92,42,7.47,22.46,16.37010676,3
508,1,LM-12-028,early,2012,10,1,M,A,544.1,194,97,43,7.9,22.16,17.82760522,3
509,1,LM-13-193,early,2013,10,2,F,A,435.93,168.5,87,35,8.03,20.77,19.9573326,4
510,1,LM-13-171,early,2013,9,28,M,J,551,200,102,43,7.8,21.5,18.51179673,4
511,2,LM-12-071,early,2012,10,1,M,A,530.84,202,95,47,8.85,23.27,17.89616457,3
512,2,LM-12-062,early,2012,10,3,M,J,544.14,201,90,50,9.19,24.88,16.53986107,3
513,1,LM-12-064,early,2012,10,3,M,J,521.27,194,90,46,8.82,23.71,17.26552458,3
514,1,LM-12-072,early,2012,10,1,M,A,570.55,191,98,40,7.01,20.94,17.17640873,3
515,2,LM-12-035,early,2012,10,1,M,A,564.62,196,101,42,7.44,21.43,17.88813715,4
516,2,LM-12-036,early,2012,10,1,M,A,524.84,183,96,38,7.24,20.77,18.29128877,4
517,2,LM-12-005,early,2012,9,30,M,J,544,200,92,48,8.82,24,16.91176471,4
518,2,LM-12-055,early,2012,10,2,F,J,458.31,204,105,44,9.6,21.57,22.91025725,4
519,2,LM-12-087,early,2012,10,4,F,J,516.43,193,97,42,8.13,21.76,18.78279728,4
520,,LM-12-070,early,2012,10,5,F,J,461.95,198,95,46,9.96,23.23,20.56499621,4
521,1,LM-12-088,early,2012,10,4,F,J,481.27,195,93,46,9.56,23.59,19.32387225,4
522,1,LM-13-030,early,2013,10,1,M,J,527.91,193.5,94,44,8.33,22.74,17.80606543,4
523,3,LM-12-010,early,2012,9,30,F,J,451.17,204,95,48,10.64,23.53,21.05636456,4
524,2,LM-12-014,early,2012,9,30,F,A,452,192,93,44,9.73,22.92,20.57522124,4
525,2,LM-12-016,early,2012,9,30,M,A,533,176,86,39,7.32,22.16,16.13508443,4
526,3,LM-12-019,early,2012,9,30,F,A,483.55,194,94,44,9.1,22.68,19.43956158,4
527,1,LM-13-001,early,2013,9,29,F,J,471.05,199.5,100,44,9.34,22.06,21.22916888,4
528,1,LM-13-006,early,2013,9,29,F,A,475.42,195,100,41.5,8.73,21.28,21.03403307,4
529,1,LM-13-234,early,2013,10,3,F,J,440.74,195.5,94,45,10.21,23.02,21.32776694,4
530,1,LM-13-231,early,2013,10,2,M,J,528.19,192.5,99,41,7.76,21.3,18.74325527,4
531,1,LM-12-001,early,2012,9,30,F,J,387.21,,,43,11.11,,,4
532,2,LM-12-002,early,2012,9,30,F,J,455.67,187,87,44,9.66,23.53,19.0927645,4
533,1,LM-12-020,early,2012,9,30,M,J,469.9,194,92,45,9.58,23.2,19.57863375,4
534,1,LM-12-040,early,2012,10,5,M,A,529.91,195,93,45,8.49,23.08,17.55015003,4
535,1,LM-12-032,early,2012,10,1,F,J,497.87,199,95,46,9.24,23.12,19.08128628,4
536,1,LM-13-154,early,2013,9,30,F,J,427.52,179,90,39.5,9.24,22.07,21.05164671,4
537,1,LM-13-157,early,2013,10,2,M,A,566.74,174.5,88,37.5,6.62,21.49,15.52740234,4
538,1,LM-13-158,early,2013,10,2,M,A,527.89,182,84,43,8.15,23.63,15.91240599,4
539,1,LM-12-056,early,2012,10,3,M,J,502,190,94,42,8.37,22.11,18.7250996,4
540,1,LM-12-057,early,2012,10,3,M,J,529.76,194,94,44,8.31,22.68,17.74388402,4
541,1,LM-13-233,early,2013,10,3,F,J,491.61,191,92,44,8.95,23.04,18.71402128,4
542,1,LM-13-160,early,2013,10,2,F,J,471.09,201.5,100,45,9.55,22.33,21.22736632,4
543,1,LM-13-242,early,2013,10,3,F,J,447.39,188,93,42,9.39,22.34,20.78723262,4
544,1,LM-13-190,early,2013,10,1,M,J,471.71,179.5,87,40.5,8.59,22.56,18.44353522,4
545,1,LM-12-009,early,2012,9,30,M,J,489,207,99,48,9.82,23.19,20.24539877,4
546,1,LM-12-029,early,2012,10,1,M,J,481.76,187,90,43,8.93,22.99,18.68150116,4
547,1,LM-12-030,early,2012,10,1,M,J,518.39,190,89,45,8.68,23.68,17.16854106,4
548,1,LM-12-004,early,2012,9,30,F,J,445.68,186,94,40,8.98,21.51,21.091366,4
549,1,LM-13-201,early,2013,10,2,F,J,493.06,189,102,38,7.71,20.11,20.68713747,4
550,1,LM-13-192,early,2013,10,2,M,J,498.26,182.5,90,41,8.23,22.47,18.06285875,4
551,1,LM-13-178,early,2013,9,29,M,J,553.17,196.5,96,44,7.95,22.39,17.35452031,4
552,1,LM-13-176,early,2013,9,28,F,A,551,185.5,97,38,6.9,20.49,17.60435572,4
553,1,LM-13-174,early,2013,9,28,F,A,521.57,183,93,39,7.48,21.31,17.83078014,4
554,,LM-13-166,early,2013,10,2,M,A,555.52,179.5,92,38,6.84,21.17,16.56105991,4
555,1,LM-13-182,early,2013,9,29,F,A,476.7,,,41,8.6,,,4
556,1,LM-13-183,early,2013,9,29,F,J,482.36,187.5,91,43,8.91,22.93,18.86557758,4
557,1,LM-13-121,early,2013,10,1,M,A,497.83,183,90,40.5,8.14,22.13,18.07846052,4
558,1,LM-13-185,early,2013,9,29,M,A,586.04,177.5,90,38,6.48,21.41,15.35731349,4
559,1,LM-13-123,early,2013,10,1,F,J,442.41,193,98,41.5,9.38,21.5,22.15139802,4
560,1,LM-13-167,early,2013,10,2,M,J,557.5,185.5,91,42,7.53,22.64,16.32286996,4
561,1,LM-13-153,early,2013,9,30,F,A,508,182.5,91,40,7.87,21.92,17.91338583,4
562,1,LM-13-151,early,2013,9,30,M,A,523.58,168,87,35,6.68,20.83,16.6163719,4
563,1,LM-13-025,early,2013,10,1,M,A,570.42,179.5,91,38,6.66,21.17,15.95315732,4
564,1,LM-13-155,early,2013,10,1,M,A,543.55,133.5,99,11.5,2.12,8.61,18.21359581,4
565,1,LM-13-028,early,2013,10,1,M,J,517.81,192,95,42.5,8.21,22.14,18.34649775,4
566,1,LM-13-017,early,2013,9,29,M,A,533.06,180.5,88,41,7.69,22.71,16.50846059,4
567,1,LM-13-036,early,2013,10,1,M,A,496.17,180,90,39.5,7.96,21.94,18.13894431,4
568,,LM-13-031,early,2013,10,1,M,A,499,177,91,38,7.62,21.47,18.23647295,4
569,1,LM-13-011,early,2013,9,29,F,J,465.95,191,92,44,9.44,23.04,19.74460779,4
570,1,LM-13-037,early,2013,10,1,F,A,510.8,186.5,93,41,8.03,21.98,18.20673453,4
571,1,LM-13-024,early,2013,10,1,M,J,514.19,200.5,102,43,8.36,21.45,19.83702522,4
572,1,LM-13-168,early,2013,10,2,F,A,497.55,192,94,43,8.64,22.4,18.89257361,4
573,1,LM-13-161,early,2013,10,2,M,J,558.14,186,92,41,7.35,22.04,16.4833196,4
574,1,LM-13-122,early,2013,10,1,F,J,443.22,188.5,87,45,10.15,23.87,19.62907811,4
575,1,LM-13-108,early,2013,10,1,F,J,467.27,195.5,96,44,9.42,22.51,20.54486699,4
576,1,LM-13-132,early,2013,10,2,M,A,505.28,185,88,43,8.51,23.24,17.41608613,4
577,1,LM-13-098,early,2013,9,30,M,J,501.43,179,89,39.5,7.88,22.07,17.74923718,4
578,1,LM-13-051,early,2013,9,28,F,J,483.63,194,93,45,9.3,23.2,19.22957633,4
579,1,LM-13-147,early,2013,9,30,M,J,483.86,168.5,87,35,7.23,20.77,17.98040756,4
580,1,LM-13-148,early,2013,9,30,M,A,532.62,181,91,39,7.32,21.55,17.08535166,4
581,1,LM-13-100,early,2013,10,1,F,A,519.23,185,96,39.5,7.61,21.35,18.48891628,4
582,1,LM-13-164,early,2013,10,2,M,A,553,174,87,38,6.87,21.84,15.7323689,4
583,1,LM-13-162,early,2013,10,2,M,J,568,202.5,97,47,8.27,23.21,17.07746479,4
584,1,LM-13-081,early,2013,9,28,F,A,508,191,96,41,8.07,21.47,18.8976378,4
585,1,LM-13-064,early,2013,9,28,M,A,504.52,191,93,43,8.52,22.51,18.4333624,4
586,2,LM-13-008,early,2013,9,29,M,A,487,183,88,42,8.62,22.95,18.0698152,4
587,1,LM-13-016,early,2013,9,29,M,A,575.49,191.5,94,42,7.3,21.93,16.33390676,4
588,1,LM-13-009,early,2013,9,29,M,A,563.57,182,87,42,7.45,23.08,15.43730149,4
589,1,LM-13-015,early,2013,9,29,M,J,524,204,105,44,8.4,21.57,20.03816794,4
590,1,LM-13-007,early,2013,9,29,F,A,506.2,191.5,89,45,8.89,23.5,17.58198341,4
591,1,LM-14-083,early,2014,10,4,M,A,488.46,181,88,41,8.39,22.65,18.01580477,4
593,1,LM-13-021,early,2013,10,1,F,J,475,199.5,101,43.5,9.16,21.8,21.26315789,4
594,1,LM-13-022,early,2013,10,1,M,A,509.51,165,84,34.5,6.77,20.91,16.48642814,4
595,1,LM-14-082,early,2014,10,2,M,J,497,175,84,40,8.05,22.86,16.90140845,4
596,1,LM-14-180,early,2014,9,30,M,J,522.84,193,92,44.5,8.51,23.06,17.59620534,4
597,1,LM-13-057,early,2013,9,28,F,J,471.77,197,96,44.5,9.43,22.59,20.34889883,4
598,1,LM-13-063,early,2013,9,28,F,J,485.12,192,94,43,8.86,22.4,19.37664908,4
599,1,LM-13-070,early,2013,9,29,M,A,567.45,183,91,40,7.05,21.86,16.03665521,4
600,1,LM-13-145,early,2013,9,30,M,A,538.17,179,88,40,7.43,22.35,16.35171043,4
601,1,LM-13-084,early,2013,9,28,F,A,478.26,174,87,38,7.95,21.84,18.19094217,4
602,1,LM-13-135,early,2013,10,3,M,A,554.79,175,86,39,7.03,22.29,15.50136088,4
603,1,LM-13-136,early,2013,10,3,F,A,452.1,178.5,90,39,8.63,21.85,19.9071002,4
604,1,LM-14-042,early,2014,10,2,F,J,477,191,90,44.5,9.33,23.3,18.86792453,4
605,1,LM-14-016,early,2014,9,30,F,J,455,184.5,97,38,8.35,20.6,21.31868132,4
606,1,LM-14-022,early,2014,10,1,M,J,531.83,203.5,107,42,7.9,20.64,20.11921103,4
607,1,LM-14-030,early,2014,10,1,F,J,443.89,175.5,86,39,8.79,22.22,19.37416928,4
608,1,LM-14-163,early,2014,10,5,M,A,537.57,169.5,82,38,7.07,22.42,15.25382741,4
609,1,LM-13-103,early,2013,10,1,M,J,562,213,101,50.5,8.99,23.71,17.97153025,4
610,1,LM-13-111,early,2013,9,30,M,J,534.85,195.5,99,42.5,7.95,21.74,18.50986258,4
611,1,LM-13-105,early,2013,10,1,F,A,476,177,84,40,8.4,22.6,17.64705882,4
612,1,LM-13-109,early,2013,10,2,F,J,494.42,,,,,,,4
613,1,LM-13-077,early,2013,9,29,F,J,509.97,182,86,41.5,8.14,22.8,16.86373708,4
614,1,LM-13-075,early,2013,9,29,M,J,548.45,201,106,42,7.66,20.9,19.32719482,4
615,1,LM-13-055,early,2013,9,28,M,A,535.75,192,92,44,8.21,22.92,17.17218852,4
616,1,LM-13-115,early,2013,10,3,M,J,511.12,186.5,88,44,8.61,23.59,17.21709188,4
617,1,LM-13-134,early,2013,10,2,F,J,465.11,173,89,37,7.96,21.39,19.13525833,4
618,1,LM-13-083,early,2013,9,28,F,J,434,199,94,46,10.6,23.12,21.65898618,4
619,1,LM-13-138,early,2013,10,3,M,J,522.12,203,99,46,8.81,22.66,18.96115835,4
620,1,LM-14-077,early,2014,10,1,M,J,531.29,188.5,97,40,7.53,21.22,18.25744885,4
621,1,LM-13-142,early,2013,9,30,M,J,484.08,191,94,42.5,8.78,22.25,19.41827797,4
622,1,LM-13-091,early,2013,9,29,M,A,536.1,183,88,42,7.83,22.95,16.41484798,4
623,1,LM-13-092,early,2013,9,29,F,J,478.32,192.5,93,44,9.2,22.86,19.44305068,4
624,1,LM-13-054,early,2013,9,28,M,A,498.68,181,86,42,8.42,23.2,17.24552819,4
625,1,LM-14-068,early,2014,9,30,F,A,441.44,169.5,83,37,8.38,21.83,18.80210221,4
626,1,LM-14-065,early,2014,9,30,F,J,415.89,191,95,42.5,10.22,22.25,22.84257857,4
627,1,LM-14-040,early,2014,10,2,M,A,488,171.5,85,38,7.79,22.16,17.41803279,4
628,1,LM-14-037,early,2014,10,2,F,J,511.04,192.5,94,43,8.41,22.34,18.39386349,4
629,1,LM-14-015,early,2014,9,30,M,A,544,196.5,96,44.5,8.18,22.65,17.64705882,4
630,1,LM-14-033,early,2014,10,2,M,J,474.41,166,85,35,7.38,21.08,17.91699163,4
631,1,LM-14-046,early,2014,10,2,M,J,501.02,197,93,46.5,9.28,23.6,18.56213325,4
632,1,LM-14-049,early,2014,10,2,F,J,449,186,90,42.5,9.47,22.85,20.04454343,4
633,1,LM-14-048,early,2014,10,2,F,J,447,194,95,44.5,9.96,22.94,21.25279642,4
634,1,LM-14-036,early,2014,10,2,M,A,516.84,186.5,88,43.5,8.42,23.32,17.02654593,4
637,1,LM-14-045,early,2014,10,2,M,A,528.67,171,84,38,7.19,22.22,15.88892882,4
638,1,LM-14-124,early,2014,10,1,M,J,461.71,186.5,93,41,8.88,21.98,20.1425137,4
639,1,LM-14-127,early,2014,10,2,M,J,513.89,199.5,98,45,8.76,22.56,19.07022904,4
640,1,LM-14-011,early,2014,9,30,M,A,507.38,188.5,90,44,8.67,23.34,17.7381844,4
641,1,LM-14-013,early,2014,9,30,F,A,498.45,181,93,38.5,7.72,21.27,18.6578393,4
642,1,LM-14-225,early,2014,10,5,M,A,457.49,162.5,81,35.5,7.76,21.85,17.70530503,4
643,1,LM-14-226,early,2014,10,5,F,A,460.37,151,76,32.5,7.06,21.52,16.50846059,4
644,1,LM-14-223,early,2014,10,5,M,A,551.87,193.5,92,45,8.15,23.26,16.67059271,4
645,1,LM-14-230,early,2014,10,4,F,J,475.3,191,92,44,9.26,23.04,19.35619609,4
646,1,LM-14-034,early,2014,10,2,M,A,515.25,178.5,87,40.5,7.86,22.69,16.88500728,4
647,1,LM-14-035,early,2014,10,2,F,A,477.71,167,84,36,7.54,21.56,17.58388981,4
648,1,LM-14-154,early,2014,10,4,F,J,475.68,181.5,89,41,8.62,22.59,18.71005718,4
649,1,LM-14-152,early,2014,10,4,F,A,464.03,178,89,39,8.4,21.91,19.17979441,4
650,1,LM-14-151,early,2014,10,4,M,A,508.91,155,78,33,6.48,21.29,15.32687509,4
651,1,LM-14-073,early,2014,10,1,M,A,535.9,,,,,,,4
652,1,LM-14-142,early,2014,10,3,M,A,498.84,181.5,92,39,7.82,21.49,18.44278727,4
653,1,LM-14-150,early,2014,10,4,F,J,454.46,,,,,,,4
654,2,LM-14-058,early,2014,10,4,F,J,466.22,193,92,45.5,9.76,23.58,19.73317318,4
655,,LM-14-207,early,2014,10,2,F,A,453.21,168,87,34.5,7.61,20.54,19.19639902,4
656,1,LM-14-196,early,2014,10,2,M,A,508.2,166.5,83,36.5,7.18,21.92,16.3321527,4
657,1,LM-14-183,early,2014,10,1,M,J,460.22,168,84.5,37,8.04,22.02,18.36078397,4
658,1,LM-14-197,early,2014,10,2,F,A,441.67,173,88,37,8.38,21.39,19.92437793,4
659,1,LM-14-203,early,2014,10,2,M,A,474,184,90,41.5,8.76,22.55,18.98734177,4
660,1,LM-14-217,early,2014,10,4,M,J,464.67,183,88,42,9.04,22.95,18.93817118,4
661,1,LM-14-242,early,2014,10,5,M,J,496.12,193,91,45,9.07,23.32,18.34233653,4
662,1,LM-14-182,early,2014,9,30,M,J,525,192,93,43.5,8.29,22.66,17.71428571,4
663,1,LM-14-181,early,2014,9,30,M,J,509.09,185.5,90.5,42,8.25,22.64,17.77681746,4
664,1,LM-14-184,early,2014,10,1,F,J,413.5,159.5,80,34.5,8.34,21.63,19.34703748,4
665,1,LM-14-188,early,2014,10,2,M,J,494.1,202.5,100,45,9.11,22.22,20.23881805,4
666,1,LM-14-212,early,2014,10,3,F,J,440.97,199,97,45,10.2,22.61,21.99696124,4
667,1,LM-14-186,early,2014,10,2,F,A,451.89,180.5,92,38,8.41,21.05,20.35893691,4
668,1,LM-14-208,early,2014,10,2,F,A,502.33,180.5,91,39,7.76,21.61,18.11558139,4
669,1,LM-14-209,early,2014,10,3,M,A,548.36,179.5,93,37,6.75,20.61,16.95966154,4
670,2,LM-14-139,early,2014,10,3,F,A,472.74,,,,,,,5
671,2,LM-14-131,early,2014,10,2,F,J,418.04,188.5,95,41.5,9.93,22.02,22.72509808,5
672,1,LM-14-161,early,2014,10,4,F,J,404.83,182,90,40.5,10,22.25,22.23155399,5
673,1,LM-14-204,early,2014,10,2,M,A,500.92,171.5,84,38,7.59,22.16,16.76914477,4
674,1,LM-14-219,early,2014,10,5,F,J,496.8,183.5,90,41,8.25,22.34,18.11594203,4
675,1,LM-14-243,early,2014,10,5,M,J,519.26,191.5,92,44,8.47,22.98,17.71752109,4
676,1,LM-14-220,early,2014,10,5,F,A,499.8,181.5,90,40,8,22.04,18.00720288,4
677,,LM-14-160,early,2014,10,4,F,J,437.08,186.5,93,41.5,9.49,22.25,21.27756932,5
678,1,LM-14-162,early,2014,10,4,M,J,480.58,175,83,40.5,8.43,23.14,17.27079779,5
679,1,LM-14-148,early,2014,10,4,M,J,498.07,182.5,89,41,8.23,22.47,17.86897424,5
680,2,LM-14-143,early,2014,10,3,F,J,428,182.5,91,40.5,9.46,22.19,21.26168224,5
681,1,LM-14-130,early,2014,10,2,F,A,476.59,186,92,42,8.81,22.58,19.30380411,5
682,1,LM-14-149,early,2014,10,4,M,A,522.31,167,85,35.5,6.8,21.26,16.27386035,5
683,1,LM-14-102,early,2014,10,1,F,J,492.85,200,98,45,9.13,22.5,19.88434615,5
684,1,LM-15-020,early,2015,10,3,F,A,449.57,175.5,93,36,8.01,20.51,20.6864337,5
685,1,LM-14-120,early,2014,9,30,F,A,506.25,181.5,90,40,7.9,22.04,17.77777778,5
686,1,LM-14-080,early,2014,10,2,M,J,496,162.5,88,32,6.45,19.69,17.74193548,5
687,1,LM-14-100,early,2014,9,30,M,A,516.48,178,89,38,7.36,21.35,17.23203222,5
688,1,LM-14-118,early,2014,10,2,M,J,465,182,93,39,8.39,21.43,20,5
689,1,LM-14-092,early,2014,10,4,M,J,488.99,180,90,39.5,8.08,21.94,18.40528436,5
690,1,LM-14-114,early,2014,10,2,M,A,513.15,163,84,34,6.63,20.86,16.36948261,5
691,1,LM-14-104,early,2014,10,1,F,J,442.92,189,92,43,9.71,22.75,20.77124537,5
692,1,LM-14-112,early,2014,10,2,F,A,444.08,172,90,35,7.88,20.35,20.26661863,5
693,1,LM-14-122,early,2014,10,1,F,J,440.71,185.5,94,40,9.08,21.56,21.32921876,5
694,1,LM-14-105,early,2014,10,1,M,A,524.61,175.5,89,38,7.24,21.65,16.96498351,5
695,2,LM-15-081,early,2015,9,30,M,A,508,191.5,92,44,8.66,22.98,18.11023622,5
696,1,LM-14-113,early,2014,10,2,F,A,475.72,198,88,49.5,10.41,25,18.4982763,5
697,1,LM-14-110,early,2014,10,2,M,A,512.3,171,85,37.5,7.32,21.93,16.59184072,5
698,1,LM-14-101,early,2014,10,1,M,J,512.86,212,106,47.5,9.26,22.41,20.66840853,5
699,1,LM-15-019,early,2015,10,2,M,A,539.62,177.5,91,38,7.04,21.41,16.86371891,5
700,1,LM-15-013,early,2015,10,1,M,J,478.54,181.5,86,43,8.99,23.69,17.97132946,5
701,1,LM-15-084,early,2015,10,1,F,A,523.52,175,88,38,7.26,21.71,16.80929095,5
702,1,LM-15-086,early,2015,10,1,F,A,458,174,85,39,8.52,22.41,18.55895197,5
703,1,LM-15-061,early,2015,10,2,F,J,434,174,89,37,8.53,21.26,20.50691244,5
704,1,LM-15-067,early,2015,10,3,M,A,513,174,88,37.5,7.31,21.55,17.1539961,5
706,1,LM-15-028,early,2015,10,3,F,A,484,174.5,88,38,7.85,21.78,18.18181818,5
707,1,LM-15-021,early,2015,10,3,M,A,528.54,183.5,94,39,7.38,21.25,17.78484126,5
708,1,LM-15-047,early,2015,10,4,F,J,454.73,193.5,101,40,8.8,20.67,22.21098234,5
709,1,LM-15-060,early,2015,10,4,M,J,466,183,88,42,9.01,22.95,18.88412017,5
710,1,LM-15-026,early,2015,10,3,M,J,510.88,201,104,43,8.42,21.39,20.35703101,5
711,1,LM-15-138,early,2015,10,3,F,J,453.87,190,92.5,42.5,9.36,22.37,20.3802851,5
712,1,LM-15-214,early,2015,10,3,F,J,467,186.5,94,40.5,8.67,21.72,20.12847966,5
713,1,LM-15-212,early,2015,10,3,F,A,445.86,172.5,90,35.5,7.96,20.58,20.18570852,5
714,1,LM-15-018,early,2015,10,2,F,A,472.06,,,,,,,5
715,1,LM-15-032,early,2015,9,30,F,J,479.88,196,103,41,8.54,20.92,21.46369926,5
716,1,LM-15-030,early,2015,9,30,M,A,496.85,180,84,42,8.45,23.33,16.90651102,5
717,1,LM-15-025,early,2015,10,3,F,A,468.28,171.5,90,35.5,7.58,20.7,19.21927052,5
718,1,LM-15-033,early,2015,9,30,M,A,517,186,94,40,7.74,21.51,18.18181818,5
719,2,LM-15-024,early,2015,10,3,M,A,515.9,,,,,,,5
720,1,LM-15-034,early,2015,9,30,M,J,496.32,194,98,42,8.46,21.65,19.7453256,5
721,1,LM-15-215,early,2015,10,3,M,J,499.32,200.5,101.5,44,8.81,21.95,20.3276456,5
722,1,LM-15-123,early,2015,10,1,M,J,525.92,196,95,45,8.56,22.96,18.06358382,5
723,1,LM-15-125,early,2015,10,1,M,A,540.07,170,85,37,6.85,21.76,15.73870054,5
724,1,LM-15-133,early,2015,10,2,F,A,484.39,174.5,92,35.5,7.33,20.34,18.99296022,5
725,1,LM-15-135,early,2015,10,2,M,A,483.15,181,91,39.5,8.18,21.82,18.83473041,5
726,1,LM-15-072,early,2015,9,30,M,J,504.39,190,94,43,8.53,22.63,18.63637265,5
727,1,LM-15-001,early,2015,9,30,M,A,541,198,96,45,8.32,22.73,17.74491682,5
728,1,LM-15-043,early,2015,10,4,M,A,517.83,193,93,44,8.5,22.8,17.95956202,
729,1,LM-15-118,early,2015,10,2,F,A,458,158.5,82,33,7.21,20.82,17.90393013,5
730,1,LM-15-063,early,2015,10,2,M,A,516.4,174,83,40,7.75,22.99,16.07281177,5
731,1,LM-15-113,early,2015,10,1,F,A,511,183.5,93,40,7.83,21.8,18.19960861,
732,1,LM-15-139,early,2015,10,3,M,J,485,176,90,38,7.84,21.59,18.55670103,
733,1,LM-15-144,early,2015,9,30,M,A,526,183,92,40,7.6,21.86,17.4904943,5
734,2,LM-15-098,early,2015,10,2,F,J,411.56,176.5,89,38.5,9.35,21.81,21.62503645,5
735,1,LM-15-099,early,2015,10,2,M,J,555.31,204,109,41,7.38,20.1,19.62867587,5
736,1,LM-15-107,early,2015,10,3,F,J,433.3,184,95,39,9,21.2,21.92476344,
737,1,LM-15-108,early,2015,10,3,M,J,477.04,181.5,96,37.5,7.86,20.66,20.12409861,
738,1,LM-15-110,early,2015,9,30,M,A,488,178,92,37.5,7.68,21.07,18.85245902,5
739,2,LM-15-209,early,2015,10,4,M,J,476.27,194,94.5,44.5,9.34,22.94,19.84168644,5
740,1,LM-15-249,early,2015,10,4,F,A,468.45,170,89,35,7.47,20.59,18.99882592,5
741,1,LM-15-119,early,2015,10,2,M,A,511.49,190.5,97,41,8.02,21.52,18.96420262,5
742,1,LM-15-202,early,2015,10,3,M,J,527.29,191.5,95,42.5,8.06,22.19,18.01665118,5
743,1,LM-15-210,early,2015,10,3,F,A,459.88,178,89,39,8.48,21.91,19.35287466,5
744,1,LM-15-201,early,2015,10,3,F,A,487.037,182.5,97,37.5,7.7,20.55,19.91635132,5
745,1,LM-15-248,early,2015,10,4,F,J,414.45,177,85.5,40.5,9.77,22.88,20.62975027,5
746,1,LM-15-244,early,2015,10,4,F,J,440.27,176.5,93,36.5,8.29,20.68,21.12340155,5
747,1,LM-15-120,early,2015,9,30,F,J,469.19,185,98,38,8.1,20.54,20.88706068,5
748,1,LM-15-205,early,2015,10,4,M,A,487,180.5,92,38.5,7.91,21.33,18.89117043,5
749,1,LM-15-251,early,2015,10,4,M,J,472.83,197,97,44.5,9.41,22.59,20.51477275,5
751,1,LM-15-009,early,2015,10,1,M,A,516.12,174.5,93,35.5,6.88,20.34,18.01906533,5
752,1,LM-15-112,early,2015,10,1,M,A,502.51,193.5,100.5,41,8.16,21.19,19.999602,5
753,2,LM-15-300,early,2015,10,4,M,J,506.43,177.5,89,39,7.7,21.97,17.57399838,5
754,1,LM-15-219,early,2015,10,3,F,J,489.89,189.5,90,44,8.98,23.22,18.37147115,5
755,1,LM-15-221,early,2015,10,4,F,J,434.26,174,92,35.5,8.17,20.4,21.18546493,5
756,1,LM-15-222,early,2015,10,4,F,J,467.8,191.5,95,43,9.19,22.45,20.30782386,5
757,1,LM-15-255,early,2015,10,4,M,J,508.26,193,98,42,8.26,21.76,19.28147011,5
759,1,LM-16-251,early,2016,10,2,M,A,526.02,179.5,94,37.5,7.13,20.89,17.87004296,5
760,1,LM-16-216,early,2016,10,4,M,A,530.08,192,95,43,8.11,22.4,17.92182312,5
761,2,LM-16-339,early,2016,10,4,M,J,456.88,175,88,38,8.32,21.71,19.26107512,5
762,1,LM-15-226,early,2015,10,4,F,J,433.24,170.5,88,36,8.31,21.11,20.31206721,5
763,1,LM-15-240,early,2015,10,4,F,A,515.05,174,84,40,7.77,22.99,16.3090962,5
764,1,LM-15-197,early,2015,10,3,M,J,486.51,197.5,95,45.5,9.35,23.04,19.52683398,5
765,1,LM-15-073,early,2015,9,30,F,J,465.61,187,95,41,8.81,21.93,20.40334185,5
766,1,LM-15-077,early,2015,10,2,F,J,418.72,191.5,92,44.5,10.63,23.24,21.97172335,5
767,1,LM-15-199,early,2015,10,3,M,J,506.41,193,97,42.5,8.39,22.02,19.15444008,5
768,1,LM-15-252,early,2015,10,4,F,J,480.88,197.5,101,42.5,8.84,21.52,21.00316087,5
769,1,LM-15-258,early,2015,10,4,F,J,471.75,187,95,41,8.69,21.93,20.13778484,5
770,1,LM-15-257,early,2015,10,4,M,J,498,200.5,95,47,9.44,23.44,19.07630522,5
771,1,LM-15-003,early,2015,9,30,F,A,466.38,179,96,36,7.72,20.11,20.58407307,5
772,2,LM-15-036,early,2015,9,30,M,A,516.43,196.5,96,46,8.91,23.41,18.5891602,5
773,1,LM-15-155,early,2015,10,1,F,J,450,182.5,96,38,8.44,20.82,21.33333333,5
774,1,LM-15-152,early,2015,10,1,F,A,489.5,184,97,38.5,7.87,20.92,19.81613892,5
775,1,LM-15-174,early,2015,10,2,M,J,465.33,183.5,91,40.5,8.7,22.07,19.55601401,5
776,1,LM-15-190,early,2015,10,2,F,A,431.72,163.5,85,34.5,7.99,21.1,19.68868711,5
777,1,LM-15-180,early,2015,10,2,M,A,451.71,168.5,87,35.5,7.86,21.07,19.26014478,5
778,1,LM-15-178,early,2015,10,2,F,J,425.22,177.5,89,39,9.17,21.97,20.93034194,5
779,1,LM-15-006,early,2015,10,1,M,J,490,186.5,96,40,8.16,21.45,19.59183673,5
780,1,LM-15-185,early,2015,10,3,F,J,458.88,190,97,41,8.93,21.58,21.13842399,5
781,1,LM-15-150,early,2015,10,1,M,A,515.38,166,88,34,6.6,20.48,17.07477977,5
782,1,LM-15-035,early,2015,9,30,M,J,489.57,200,98,45,9.19,22.5,20.01756644,5
783,1,LM-15-194,early,2015,10,3,F,A,485.18,182.5,98,36.5,7.52,20,20.19868915,5
784,1,LM-15-080,early,2015,9,30,M,A,537.5,206.5,99,48,8.93,23.24,18.41860465,5
785,1,LM-16-262,early,2016,10,2,F,J,426.09,186.5,90,43,10.09,23.06,21.12229811,5
786,1,LM-16-278,early,2016,10,2,F,J,480.45,187.5,90,43,8.95,22.93,18.73243834,5
787,1,LM-16-235,early,2016,10,1,M,A,526.64,174,85,39,7.41,22.41,16.14005772,5
788,1,LM-16-270,early,2016,10,3,M,J,519,190.5,93,43,8.29,22.57,17.91907514,5
789,1,LM-16-294,early,2016,10,4,F,J,413.58,187.5,93,42,10.16,22.4,22.48658059,5
790,1,LM-16-264,early,2016,10,3,F,A,509.14,188.5,88,44,8.64,23.34,17.28404761,5
791,1,LM-16-260,early,2016,10,3,M,A,528.94,192.5,95,43,8.13,22.34,17.9604492,5
792,1,LM-16-257,early,2016,10,2,M,J,497.3,196,98.5,43,8.65,21.94,19.80695757,5
793,1,LM-16-248,early,2016,10,1,F,A,477.99,176.5,86,40.5,8.47,22.95,17.9920082,5
794,1,LM-16-286,early,2016,10,3,M,A,499.23,,,35,7.01,,,5
795,1,LM-16-285,early,2016,10,3,M,J,535.37,180,89,39.5,7.38,21.94,16.62401703,5
796,1,LM-16-284,early,2016,10,3,M,A,517,174.5,90,37,7.16,21.2,17.40812379,5
797,1,LM-16-250,early,2016,10,1,M,A,513.73,185,92,40.5,7.88,21.89,17.90823974,5
798,1,LM-16-234,early,2016,10,1,F,J,412.25,172.5,85,38.5,9.34,22.32,20.6185567,5
799,1,LM-16-218,early,2016,10,4,M,J,487.02,186.5,89,43.5,8.93,23.32,18.27440352,5
800,1,LM-16-223,early,2016,10,1,F,A,455.18,176.5,87,38.5,8.46,21.81,19.11331781,5
801,2,LM-16-314,early,2016,10,4,F,J,498.06,196,92,46.5,9.34,23.72,18.47167008,5
802,1,LM-16-311,early,2016,10,3,M,J,489.58,190.5,93,43,8.78,22.57,18.99587401,5
803,1,LM-16-083,early,2016,10,1,M,A,558.49,169,87,35,6.27,20.71,15.57771849,5
804,1,LM-16-092,early,2016,10,2,F,J,448.11,183,94,39,8.7,21.31,20.97699226,5
805,1,LM-16-109,early,2016,10,1,F,A,468.37,168,85,36,7.69,21.43,18.14804535,5
806,1,LM-16-374,early,2016,10,4,M,J,511,204,100,46,9,22.55,19.56947162,5
807,1,LM-16-373,early,2016,10,3,M,A,514.3,183,90,40.5,7.87,22.13,17.4995139,5
808,1,LM-16-375,early,2016,10,4,M,J,539.93,195.5,99,43,7.96,21.99,18.33571018,5
809,1,LM-16-366,early,2016,10,3,F,A,468.45,175,87,38.5,8.22,22,18.57188601,5
810,1,LM-16-363,early,2016,10,3,F,A,490.24,189,91,43,8.77,22.75,18.56233681,5
811,1,LM-16-323,early,2016,10,3,F,J,474.1,192,93,44,9.28,22.92,19.61611474,5
812,1,LM-16-321,early,2016,10,3,F,J,464.67,192.5,99,41,8.82,21.3,21.30544257,5
813,1,LM-16-317,early,2016,10,4,M,J,540.19,204,100,46,8.52,22.55,18.51200504,5
814,1,LM-16-326,early,2016,10,3,M,J,515.39,183,89,41,7.96,22.4,17.2684763,5
815,1,LM-16-298,early,2016,10,4,M,J,519.39,182.5,91,40,7.7,21.92,17.52055296,5
816,1,LM-16-258,early,2016,10,3,M,J,531.27,190,88,45,8.47,23.68,16.56408229,5
817,1,LM-16-351,early,2016,10,4,F,J,464.58,192,93,44,9.47,22.92,20.01808085,5
818,1,LM-16-268,early,2016,10,3,M,J,526,184,91,40.5,7.7,22.01,17.30038023,5
819,1,LM-16-133,early,2016,9,30,M,A,540.64,193,94,44,8.14,22.8,17.38680083,5
820,1,LM-16-212,early,2016,10,4,M,J,497.81,181.5,88,41,8.24,22.59,17.67742713,5
821,1,LM-16-215,early,2016,10,4,F,J,468,197,94,46,9.83,23.35,20.08547009,5
822,1,LM-16-036,early,2016,10,2,M,J,486.04,194,88,47,9.67,24.23,18.10550572,
823,1,LM-16-066,early,2016,9,30,M,J,516,189,92,43,8.33,22.75,17.82945736,5
824,1,LM-16-327,early,2016,10,3,F,J,452.81,186,88,44,9.72,23.66,19.43419977,5
825,1,LM-16-324,early,2016,10,3,M,A,545.47,174.5,83,39.5,7.24,22.64,15.21623554,5
826,1,LM-16-307,early,2016,10,4,F,J,435.84,186.5,91,42,9.64,22.52,20.87922173,5
827,1,LM-16-330,early,2016,10,3,M,A,481.12,178.5,84,42,8.73,23.53,17.45926172,5
828,1,LM-16-304,early,2016,10,4,F,A,470.74,193.5,91,46,9.77,23.77,19.33126567,5
829,1,LM-16-347,early,2016,10,4,F,A,449.14,178,90,38.5,8.57,21.63,20.03829541,5
830,1,LM-16-306,early,2016,10,4,M,J,475.8,208,99,49,10.3,23.56,20.80706179,5
831,1,LM-16-301,early,2016,10,4,M,J,491.47,181.5,91,40,8.14,22.04,18.51588093,5
832,1,LM-16-188,early,2016,10,3,M,J,511,192,94,43.5,8.51,22.66,18.39530333,5
833,1,LM-16-187,early,2016,10,2,F,A,471.68,161,82,34,7.21,21.12,17.38466757,5
834,1,LM-16-165,early,2016,10,1,M,A,539.77,175,89,37,6.85,21.14,16.48850436,5
835,1,LM-16-185,early,2016,10,2,M,J,527.32,192,90,45,8.53,23.44,17.06743533,5
836,1,LM-16-184,early,2016,10,2,M,J,514.57,191.5,96,41.5,8.06,21.67,18.65635385,5
837,1,LM-16-046,early,2016,9,30,F,A,439.98,182.5,92,39,8.86,21.37,20.91004137,5
838,1,LM-16-297,early,2016,10,4,F,J,455.59,185,89,42.5,9.33,22.97,19.53510832,5
839,1,LM-16-346,early,2016,10,4,F,J,488,197,97,44,9.02,22.34,19.87704918,5
840,1,LM-16-322,early,2016,10,3,F,J,384.67,183,92,39,10.14,21.31,23.91660384,5
841,1,LM-16-299,early,2016,10,4,F,A,471.24,,,40,8.49,,,6
842,1,LM-16-211,early,2016,10,3,M,A,516.33,172.5,86,38,7.36,22.03,16.65601456,6
843,1,LM-16-148,early,2016,10,2,M,A,501.68,177.5,90,38,7.57,21.41,17.93972253,6
844,1,LM-16-140,early,2016,10,1,M,A,504.03,176.5,88,38,7.54,21.53,17.45927822,6
845,1,LM-16-134,early,2016,9,30,F,A,459.95,189,96.5,40,8.7,21.16,20.98054136,6
846,1,LM-16-045,early,2016,9,30,F,J,458.78,196.5,94,45.5,9.92,23.16,20.48912333,6
847,1,LM-16-191,early,2016,9,30,M,A,482.73,176,90,37.5,7.77,21.31,18.64396246,6
848,1,LM-16-078,early,2016,10,1,F,J,437.78,184.11,87,43,9.82,23.36,19.87299557,6
849,1,LM-16-189,early,2016,10,3,F,J,436,181,92,38.5,8.83,21.27,21.10091743,6
850,1,LM-16-296,early,2016,10,4,F,A,488.51,187,93,41,8.39,21.93,19.03748132,6
851,1,LM-16-031,early,2016,10,1,M,A,526,183,91,40,7.6,21.86,17.30038023,6
852,1,LM-16-028,early,2016,10,2,M,A,514.15,191.5,94,43,8.36,22.45,18.28260235,6
853,1,LM-16-014,early,2016,9,30,F,A,426.57,173.5,88.5,37,8.67,21.33,20.74688797,6
854,1,LM-16-023,early,2016,10,1,M,A,502.14,188,95,40.5,8.07,21.54,18.91902657,6
855,1,LM-16-159,early,2016,10,4,F,J,449.02,185,90,42,9.35,22.7,20.04365062,6
856,1,LM-16-161,early,2016,9,30,M,A,530.95,180.5,87,41,7.72,22.71,16.3857237,6
857,1,LM-16-158,early,2016,10,4,F,J,487.15,193.5,93,44,9.03,22.74,19.09062917,6
858,1,LM-16-157,early,2016,10,3,F,A,462,179,88,39.5,8.55,22.07,19.04761905,6
859,1,LM-16-010,early,2016,9,30,M,A,471,163,77,37,7.86,22.7,16.34819533,6
860,1,LM-16-041,early,2016,9,30,F,J,456.79,183,89,41.5,9.09,22.68,19.48378905,6
861,1,LM-16-013,early,2016,9,30,F,J,515,208,101,47.5,9.22,22.84,19.61165049,6
864,1,LM-17-237,early,2017,10,3,M,A,568.03,180,84.5,42,7.39,23.33,14.87597486,6
865,1,LM-16-077,early,2016,10,1,F,A,490.16,174.5,86,39,7.96,22.35,17.54529133,6
866,1,LM-16-047,early,2016,9,30,M,A,535.76,181.5,93,39,7.28,21.49,17.35851874,6
867,1,LM-17-344,early,2017,10,3,F,A,421,171,84,38,9.03,22.22,19.95249406,6
868,1,LM-17-347,early,2017,10,3,M,A,535.5,185.5,91,41.5,7.75,22.37,16.99346405,6
869,1,LM-17-351,early,2017,10,3,M,A,508.21,169.5,83,37.5,7.38,22.12,16.33183133,
870,1,LM-17-343,early,2017,10,3,F,J,518.92,189.5,90,44,8.48,23.22,17.34371387,
871,1,LM-17-349,early,2017,10,3,F,A,498.33,182,94,38,7.63,20.88,18.86300243,
872,2,LM-17-003,early,2017,9,30,F,A,462.33,163.5,85,34,7.35,20.8,18.38513616,6
873,1,LM-17-016,early,2017,10,1,M,J,492,186.5,92,42,8.54,22.52,18.69918699,6
874,1,LM-17-001,early,2017,9,30,F,A,443.54,173.5,86,37.5,8.45,21.61,19.38945755,6
875,2,LM-17-329,early,2017,10,3,M,A,499.98,164.5,85,34,6.8,20.67,17.00068003,6
876,1,LM-17-324,early,2017,10,3,M,A,519.75,167,83.5,36,6.93,21.56,16.06541607,6
877,1,LM-17-241,early,2017,10,2,F,J,496.85,181.5,87,41.5,8.35,22.87,17.51031498,6
878,1,LM-17-342,early,2017,10,3,F,J,494.86,186.5,90,42.5,8.59,22.79,18.18696197,6
879,2,LM-17-227,early,2017,10,2,M,A,525.48,183,94,38.5,7.33,21.04,17.88840679,6
880,2,LM-17-228,early,2017,10,3,F,J,509.78,181.5,89.5,40,7.85,22.04,17.55659304,6
881,2,LM-17-230,early,2017,10,3,M,A,504.8,163,84,34,6.74,20.86,16.64025357,6
882,1,LM-17-173,early,2017,9,30,M,J,523.23,194,91,45.5,8.7,23.45,17.39196911,6
883,1,LM-17-202,early,2017,10,1,F,J,457.05,178,90.5,38,8.31,21.35,19.80089706,6
884,1,LM-17-348,early,2017,10,3,F,A,503,177,88,39,7.75,22.03,17.49502982,6
885,1,LM-17-225,early,2017,10,2,F,J,448.5,178,89,39,8.7,21.91,19.84392419,6
886,1,LM-17-226,early,2017,10,2,M,A,518.19,163,81,36,6.95,22.09,15.63133214,6
887,1,LM-17-218,early,2017,10,2,M,A,496.92,169,86,36,7.24,21.3,17.30660871,6
888,1,LM-17-215,early,2017,10,2,M,A,496,160,82,33.5,6.75,20.94,16.53225806,6
889,1,LM-17-169,early,2017,9,30,F,J,518.24,187.5,94,41,7.91,21.87,18.13831429,6
890,1,LM-17-224,early,2017,10,2,F,J,483.65,174.5,83,40,8.27,22.92,17.16117027,6
891,1,LM-17-195,early,2017,10,1,M,A,545.02,171,84,38,6.97,22.22,15.41227845,6
892,1,LM-17-201,early,2017,10,1,F,J,474.2,184,91,41,8.65,22.28,19.1902151,6
893,1,LM-17-083,early,2017,10,3,M,J,527.09,177.5,88.5,39,7.4,21.97,16.79030147,6
894,1,LM-17-077,early,2017,10,2,F,J,486.26,184.5,88,42.5,8.74,23.04,18.09731419,6
895,2,LM-17-204,early,2017,10,1,M,J,527.06,185.5,89,42.5,8.06,22.91,16.88612302,6
896,1,LM-17-175,early,2017,9,30,M,A,556.88,178.5,92,37.5,6.73,21.01,16.52061485,6
897,1,LM-17-183,early,2017,9,30,M,A,493.04,153.5,79.5,31.5,6.39,20.52,16.12445238,6
898,1,LM-17-071,early,2017,10,2,M,A,521.47,167.5,87,34.5,6.62,20.6,16.68360596,6
899,2,LM-17-073,early,2017,10,2,M,J,500.87,184.5,87,43,8.59,23.31,17.36977659,6
900,1,LM-17-187,early,2017,9,30,M,A,513.49,173.5,91,35.5,6.91,20.46,17.72186411,6
901,2,LM-17-301,early,2017,10,3,M,J,485.07,170.5,82,38,7.83,22.29,16.90477663,6
902,1,LM-17-325,early,2017,10,2,M,A,516.47,162,82.5,35,6.78,21.6,15.97382229,6
903,1,LM-17-323,early,2017,10,3,F,J,482,182.5,88,41.5,8.61,22.74,18.25726141,6
904,1,LM-17-302,early,2017,10,3,M,A,456.58,152,82,30,6.57,19.74,17.95961277,6
905,1,LM-17-242,early,2017,10,3,M,A,480,156,78.5,33.5,6.98,21.47,16.35416667,6
906,1,LM-17-191,early,2017,9,30,M,A,500.18,168,89,34,6.8,20.24,17.79359431,6
907,1,LM-17-194,early,2017,10,1,F,A,463.76,,,,,,,6
908,1,LM-17-074,early,2017,10,2,F,J,465.29,181,92.5,39,8.38,21.55,19.88007479,6
909,1,LM-17-075,early,2017,10,2,F,J,524.31,185.5,89.5,43,8.2,23.18,17.07005398,6
910,1,LM-17-181,early,2017,9,30,M,A,476.33,165.5,85,34.5,7.24,20.85,17.84477148,6
911,1,LM-17-170,early,2017,9,30,M,A,525.03,159,86,31,5.9,19.5,16.38001638,6
912,1,LM-17-223,early,2017,10,2,F,J,483.73,185.5,94,40,8.27,21.56,19.43232795,6
913,1,LM-17-064,early,2017,10,2,M,J,524.47,179,88,40,7.63,22.35,16.7788434,6
914,1,LM-17-065,early,2017,10,2,M,J,585.01,204,102,45,7.69,22.06,17.43559939,
915,1,LM-17-205,early,2017,10,1,M,J,512.32,182.5,91,40,7.81,21.92,17.76233604,6
916,1,LM-17-211,early,2017,10,1,F,J,497,196,98.5,43,8.65,21.94,19.81891348,6
917,1,LM-17-209,early,2017,10,1,M,J,523,182,88,41.5,7.93,22.8,16.82600382,6
918,1,LM-17-212,early,2017,10,1,F,A,501,161.5,84,33,6.59,20.43,16.76646707,6
920,1,LM-17-066,early,2017,10,2,F,J,481.02,196.5,93.5,46,9.56,23.41,19.43786121,6
921,1,LM-17-067,early,2017,10,3,M,J,496.07,188.5,95.5,40.5,8.16,21.49,19.25131534,6
922,1,LM-17-088,early,2017,10,3,M,J,469,179.5,90,39.5,8.42,22.01,19.18976546,6
923,1,LM-17-149,early,2017,9,30,F,A,445.17,170.5,84,37.5,8.42,21.99,18.86919604,6
924,1,LM-17-034,early,2017,9,30,F,A,491.24,172,85,37.5,7.63,21.8,17.30315121,6
925,1,LM-18-001,early,2018,10,3,M,A,519.65,202,97,47,9.04,23.27,18.66641008,6
926,1,LM-18-086,early,2018,10,10,F,J,490.35,190.5,92.5,43,8.77,22.57,18.86407668,6
927,1,LM-17-134,early,2017,9,30,M,A,524,190,94,42,8.02,22.11,17.9389313,6
928,1,LM-17-104,early,2017,10,2,F,A,438.83,163.5,81.5,36,8.2,22.02,18.57211221,6
929,1,LM-17-103,early,2017,10,2,M,J,501.07,181,88,41,8.18,22.65,17.56241643,6
930,1,LM-17-098,early,2017,10,2,M,J,505.72,181,89.5,40.5,8.01,22.38,17.69754014,6
931,1,LM-17-097,early,2017,10,1,F,J,489.48,180,91,38.5,7.87,21.39,18.59115796,6
932,1,LM-17-053,early,2017,10,2,M,J,557.54,182.5,92,40,7.17,21.92,16.50105822,6
933,2,LM-17-063,early,2017,10,2,M,A,524.02,174,89,37,7.06,21.26,16.98408458,6
934,1,LM-17-142,early,2017,9,30,M,J,518.7,194,93,44.5,8.58,22.94,17.92943898,6
935,,LM-17-141,early,2017,9,30,M,A,523.15,169,81,38,7.26,22.49,15.48313103,6
936,1,LM-17-152,early,2017,9,30,F,J,482.76,191.5,93,43.5,9.01,22.72,19.26423067,6
937,1,LM-17-113,early,2017,10,3,M,J,476.22,191,92,43.5,9.13,22.77,19.31880223,6
938,1,LM-17-057,early,2017,10,2,M,A,557.22,,,37,6.64,,,6
939,,LM-17-061,early,2017,10,2,F,J,441.21,173,82,40.5,9.18,23.41,18.58525419,6
940,1,LM-17-050,early,2017,10,1,F,J,473.93,182,96,38,8.02,20.88,20.25615597,6
941,1,LM-17-058,early,2017,10,2,M,J,515.75,178.5,91,38,7.37,21.29,17.64420746,6
942,1,LM-18-064,early,2018,10,10,F,A,486,178.5,85,40.5,8.33,22.69,17.48971193,6
943,2,LM-18-063,early,2018,10,10,F,J,427.66,189.5,88,45,10.52,23.75,20.57709395,6
944,1,LM-18-029,early,2018,10,3,M,J,586.44,178,87,39.5,6.74,22.19,14.83527727,
945,1,LM-17-087,early,2017,10,3,F,J,447.25,163.5,83,34.5,7.71,21.1,18.55785355,
946,1,LM-17-089,early,2017,10,3,M,A,502.33,164,84,35,6.97,21.34,16.72207513,6
947,1,LM-17-090,early,2017,10,3,M,A,486.32,161.5,85.5,32,6.58,19.81,17.58101661,6
948,1,LM-17-096,early,2017,10,1,F,A,494,163.5,83,35,7.09,21.41,16.80161943,6
949,1,LM-18-052,early,2018,10,5,F,J,466.6,193.5,87,47,10.07,24.29,18.64552079,6
950,1,LM-18-050,early,2018,10,5,M,J,492.27,183,85,43,8.74,23.5,17.266947,6
951,,LM-18-091,early,2018,10,10,M,A,510.03,177,84,41,8.04,23.16,16.46961943,6
952,1,LM-18-075,early,2018,10,10,M,A,509.44,165,83,36,7.07,21.82,16.2923995,6
953,1,LM-18-046,early,2018,10,5,F,J,505.81,187.5,94,41,8.11,21.87,18.5840533,6
954,1,LM-18-049,early,2018,10,5,M,J,489.32,209.5,98,49,10.01,23.39,20.02779367,6
955,,LM-17-111,early,2017,10,2,M,J,510,185,88,42,8.24,22.7,17.25490196,6
956,,LM-17-157,early,2017,10,1,M,A,481.67,175.5,87,38.5,7.99,21.94,18.06215874,6
957,1,LM-17-158,early,2017,10,1,M,J,509.34,193,87,46.5,9.13,24.09,17.08092826,6
958,1,LM-17-162,early,2017,9,30,M,J,501.69,181.5,88.5,40.5,8.07,22.31,17.64037553,6
959,1,LM-18-095,early,2018,10,10,M,A,546,169.5,84,37,6.78,21.83,15.38461538,6
960,2,LM-18-092,early,2018,10,10,F,J,506.6,196,90.5,47,9.28,23.98,17.86419266,6
961,1,LM-18-085,early,2018,10,10,M,J,543,198.5,93.5,47,8.66,23.68,17.21915285,6
966,,LM-18-088,early,2018,10,10,M,A,503.98,173.5,86,38,7.54,21.9,17.06416921,
967,1,LM-18-087,early,2018,10,10,M,J,545.29,196.5,91.5,46.5,8.53,23.66,16.78006199,6
968,1,LM-18-090,early,2018,10,10,M,J,524.45,192,89,45,8.58,23.44,16.97015921,6
969,1,LM-18-072,early,2018,10,6,M,J,522.77,192.5,91,45,8.61,23.38,17.4072728,6
970,2,LM-18-074,early,2018,10,6,M,J,517.04,192.5,93,43.5,8.41,22.6,17.98700294,6
971,2,LM-18-083,early,2018,10,10,M,A,542.74,172,83,38,7,22.09,15.2927737,6
972,1,LM-18-081,early,2018,10,10,F,J,508.07,202.5,94,48,9.45,23.7,18.5013876,6
973,1,LM-18-037,early,2018,10,3,M,J,544.29,191,89.5,44.5,8.18,23.3,16.44344008,6
974,2,LM-18-039,early,2018,10,3,M,A,493.34,183.3,84.5,43.4,8.8,23.68,17.12814692,6
975,1,LM-18-040,early,2018,10,3,M,A,514.65,180,81.5,43,8.36,23.89,15.83600505,6
976,1,LM-18-094,early,2018,10,10,M,A,523.24,183.5,90.5,40.5,7.74,22.07,17.29607828,6
977,1,LM-18-044,early,2018,10,5,M,J,446.82,194.5,86,48.5,10.85,24.94,19.24712412,6
978,1,LM-18-002,early,2018,10,3,F,J,517.6,197.5,88,48.5,9.37,24.56,17.0015456,6
979,1,LM-18-008,early,2018,10,3,M,J,529.59,188.5,93.5,41.5,7.84,22.02,17.6551672,6
980,1,LM-18-011,early,2018,10,3,M,J,517.25,195,86.5,48,9.28,24.62,16.72305462,6
981,2,LM-18-070,early,2018,10,10,M,J,539.05,187,87,44,8.16,23.53,16.13950468,6
982,1,LM-18-010,early,2018,10,3,M,A,528.19,173.5,87.5,37.5,7.1,21.61,16.56600844,6
984,1,LM-18-100,early,2018,10,10,F,J,436.31,205,97,48,11,23.41,22.23189934,6
985,1,LM-18-097,early,2018,10,10,F,J,515.04,176,86,39.5,7.67,22.44,16.69773221,6
986,1,LM-18-096,early,2018,10,10,F,J,437.34,183,81.5,45.5,10.4,24.86,18.63538666,6
988,1,LM-18-055,early,2018,10,5,F,A,402,172.5,86.5,37,9.2,21.45,21.51741294,6
989,1,LM-18-056,early,2018,10,5,M,A,536.7,172,86.5,36.5,6.8,21.22,16.11701137,6
990,1,LM-18-057,early,2018,10,5,M,A,566.17,183.5,90.5,40,7.07,21.8,15.98459827,6
991,1,LM-18-059,early,2018,10,5,M,A,498.8,181,85,42,8.42,23.2,17.04089816,6
992,1,LM-18-018,early,2018,10,5,F,J,488.34,185.5,81.5,46,9.42,24.8,16.68919196,6
993,1,LM-18-042,early,2018,10,5,F,J,436.69,189,91,43.5,9.96,23.02,20.83858114,6
994,1,LM-18-038,early,2018,10,3,M,J,501.46,185.5,90,41.5,8.28,22.37,17.94759303,6
995,1,LM-18-003,early,2018,10,3,M,J,556.95,205.2,92,50.1,9,24.42,16.51853847,6
996,1,LM-18-031,early,2018,10,3,M,A,504.53,174.5,82.5,40,7.93,22.92,16.35185222,6
997,1,LM-18-022,early,2018,10,3,F,J,483.55,181,88,40.5,8.38,22.38,18.1987385,6
998,,LM-18-014,early,2018,10,3,F,A,454,148,84.5,12,2.64,8.11,18.6123348,6
999,1,LM-18-024,early,2018,10,3,M,J,549.6,196,88,47,8.55,23.98,16.01164483,6
1000,2,LM-18-019,early,2018,10,5,M,A,556.16,195,93,44,7.91,22.56,16.72180667,6
1001,1,LM-18-062,early,2018,10,6,M,J,500,197,91.5,47,9.4,23.86,18.3,6
1002,1,LM-18-021,early,2018,10,3,M,A,507.84,188,88,44,8.66,23.4,17.32829238,6
1003,1,LM-18-013,early,2018,10,3,F,J,476.94,186,87.5,43.5,9.12,23.39,18.3461232,6
1010,1,LM-18-026,early,2018,10,3,M,J,503.3,198.5,87.5,49.5,9.84,24.94,17.3852573,6
1442,2,LM-18-025,early,2018,10,3,M,A,504.14,176.5,80,42,8.33,23.8,15.86860793,6
1443,1,LM-18-023,early,2018,10,3,M,J,520.55,206.5,96.5,48.5,9.32,23.49,18.53808472,6
1444,2,LM-18-032,early,2018,10,3,M,J,504.47,182,91,39.5,7.83,21.7,18.03873372,7
1446,2,LM-18-036,early,2018,10,3,M,J,569.75,182,88,41.5,7.28,22.8,15.44537078,6
1447,1,LM-18-028,early,2018,10,3,M,J,524,182.5,84,43,8.21,23.56,16.03053435,7
1448,1,LM-18-027,early,2018,10,3,M,J,526.97,196.5,99.5,42.5,8.06,21.63,18.88153026,7
1449,1,LM-18-030,early,2018,10,3,M,A,505.64,177,88,39,7.71,22.03,17.40368642,6
1489,,LM-18-016,early,2018,10,3,M,J,513,171,83.5,38.5,7.5,22.51,16.27680312,
1490,,LM-18-012,early,2018,10,3,M,J,505.8,192,92,43.5,8.6,22.66,18.18900751,7
1491,,LM-18-098,early,2018,10,10,M,J,546.32,190.5,92,43.5,7.96,22.83,16.83994728,7
1492,,LM-18-041,early,2018,10,5,M,J,489.48,182,86.5,42,8.58,23.08,17.67181499,7
1493,,LM-18-007,early,2018,10,3,M,J,494.59,183.5,87,42.5,8.59,23.16,17.59032734,7
1494,,LM-18-005,early,2018,10,3,M,J,525.65,195.5,92.5,45,8.56,23.02,17.59726053,7
1495,,LM-18-099,early,2018,10,10,M,J,555,212.5,105.5,48,8.65,22.59,19.00900901,7
1496,,LM-18-067,early,2018,10,10,M,J,482.33,185,90,42,8.71,22.7,18.65942405,7
1497,,LM-18-066,early,2018,10,10,M,J,471.96,164,79,37,7.84,22.56,16.73870667,7
1498,,LM-18-058,early,2018,10,5,M,J,474.57,190.5,91,44,9.27,23.1,19.17525339,7
1499,,LM-18-051,early,2018,10,5,M,J,505.12,190,89.5,44,8.71,23.16,17.71856193,7
1500,,LM-18-004,early,2018,10,3,M,J,524.06,193.5,92,44,8.4,22.74,17.55524177,7
0104-1058,,LM-09-046,early,2009,10,2,M,J,539.5,193,,44,8.16,22.8,,7
0104-1078,,LM-09-046,early,2009,10,2,M,J,539.5,193,,44,8.16,22.8,,7
0104-1098,,LM-09-046,early,2009,10,2,M,J,539.5,193,,44,8.16,22.8,,7
0104-1118,,LM-09-046,early,2009,10,2,M,J,539.5,193,,44,8.16,22.8,,7
0105-1059,,LM-09-090,early,2009,10,3,M,J,491.26,190,,40,8.14,21.05,,7
0105-1079,,LM-09-090,early,2009,10,3,M,J,491.26,190,,40,8.14,21.05,,7
0105-1099,,LM-09-090,early,2009,10,3,M,J,491.26,190,,40,8.14,21.05,,7
0105-1119,,LM-09-090,early,2009,10,3,M,J,491.26,190,,40,8.14,21.05,,7
0106-1060,,LM-09-002,early,2009,10,1,M,J,519.98,200,,47,9.04,23.5,,7
0106-1080,,LM-09-002,early,2009,10,1,M,J,519.98,200,,47,9.04,23.5,,7
0106-1100,,LM-09-002,early,2009,10,1,M,J,519.98,200,,47,9.04,23.5,,7
0106-1120,,LM-09-002,early,2009,10,1,M,J,519.98,200,,47,9.04,23.5,,7
0262-1064,2,LM-10-099,early,2010,10,3,F,A,508.52,169,83,37,7.28,21.89,16.32187525,7
0262-1084,2,LM-10-099,early,2010,10,3,F,A,508.52,169,83,37,7.28,21.89,16.32187525,7
0262-1104,2,LM-10-099,early,2010,10,3,F,A,508.52,169,83,37,7.28,21.89,16.32187525,7
0262-1124,2,LM-10-099,early,2010,10,3,F,A,508.52,169,83,37,7.28,21.89,16.32187525,7
0263-1065,2,LM-10-091,early,2010,10,3,M,J,475.94,174,86,39,8.19,22.41,18.06950456,7
0263-1085,2,LM-10-091,early,2010,10,3,M,J,475.94,174,86,39,8.19,22.41,18.06950456,7
0263-1105,2,LM-10-091,early,2010,10,3,M,J,475.94,174,86,39,8.19,22.41,18.06950456,7
0263-1125,2,LM-10-091,early,2010,10,3,M,J,475.94,174,86,39,8.19,22.41,18.06950456,7
0264-1066,3,LM-10-272,early,2010,10,6,M,A,514.37,189,90,43,8.36,22.75,17.49713241,7
0264-1086,3,LM-10-272,early,2010,10,6,M,A,514.37,189,90,43,8.36,22.75,17.49713241,7
0264-1106,3,LM-10-272,early,2010,10,6,M,A,514.37,189,90,43,8.36,22.75,17.49713241,7
0264-1126,3,LM-10-272,early,2010,10,6,M,A,514.37,189,90,43,8.36,22.75,17.49713241,7
0370-1061,1,LM-11-138,early,2011,10,5,M,J,510.49,210,94.5,52,10.19,24.76,18.51162608,7
0370-1081,1,LM-11-138,early,2011,10,5,M,J,510.49,210,94.5,52,10.19,24.76,18.51162608,7
0370-1101,1,LM-11-138,early,2011,10,5,M,J,510.49,210,94.5,52,10.19,24.76,18.51162608,7
0370-1121,1,LM-11-138,early,2011,10,5,M,J,510.49,210,94.5,52,10.19,24.76,18.51162608,7
0372-1063,1,LM-11-135,early,2011,10,5,M,A,552.18,181.5,92,39,7.06,21.49,16.66123366,7
0372-1083,1,LM-11-135,early,2011,10,5,M,A,552.18,181.5,92,39,7.06,21.49,16.66123366,7
0372-1103,1,LM-11-135,early,2011,10,5,M,A,552.18,181.5,92,39,7.06,21.49,16.66123366,7
0372-1123,1,LM-11-135,early,2011,10,5,M,A,552.18,181.5,92,39,7.06,21.49,16.66123366,7
0508-1062,1,LM-12-028,early,2012,10,1,M,A,544.1,194,97,43,7.9,22.16,17.82760522,7
0508-1082,1,LM-12-028,early,2012,10,1,M,A,544.1,194,97,43,7.9,22.16,17.82760522,7
0508-1102,1,LM-12-028,early,2012,10,1,M,A,544.1,194,97,43,7.9,22.16,17.82760522,7
0508-1122,1,LM-12-028,early,2012,10,1,M,A,544.1,194,97,43,7.9,22.16,17.82760522,7
0614-1067,1,LM-13-075,early,2013,9,29,M,J,548.45,201,106,42,7.66,20.9,19.32719482,7
0614-1087,1,LM-13-075,early,2013,9,29,M,J,548.45,201,106,42,7.66,20.9,19.32719482,7
0614-1107,1,LM-13-075,early,2013,9,29,M,J,548.45,201,106,42,7.66,20.9,19.32719482,7
0614-1127,1,LM-13-075,early,2013,9,29,M,J,548.45,201,106,42,7.66,20.9,19.32719482,7
0615-1068,1,LM-13-055,early,2013,9,28,M,A,535.75,192,92,44,8.21,22.92,17.17218852,7
0615-1088,1,LM-13-055,early,2013,9,28,M,A,535.75,192,92,44,8.21,22.92,17.17218852,7
0615-1108,1,LM-13-055,early,2013,9,28,M,A,535.75,192,92,44,8.21,22.92,17.17218852,7
0615-1128,1,LM-13-055,early,2013,9,28,M,A,535.75,192,92,44,8.21,22.92,17.17218852,7
0616-1069,1,LM-13-115,early,2013,10,3,M,J,511.12,186.5,88,44,8.61,23.59,17.21709188,7
0616-1089,1,LM-13-115,early,2013,10,3,M,J,511.12,186.5,88,44,8.61,23.59,17.21709188,7
0616-1109,1,LM-13-115,early,2013,10,3,M,J,511.12,186.5,88,44,8.61,23.59,17.21709188,7
0616-1129,1,LM-13-115,early,2013,10,3,M,J,511.12,186.5,88,44,8.61,23.59,17.21709188,7
0745-1070,1,LM-15-248,early,2015,10,4,F,J,414.45,177,85.5,40.5,9.77,22.88,20.62975027,7
0745-1090,1,LM-15-248,early,2015,10,4,F,J,414.45,177,85.5,40.5,9.77,22.88,20.62975027,7
0745-1110,1,LM-15-248,early,2015,10,4,F,J,414.45,177,85.5,40.5,9.77,22.88,20.62975027,7
0745-1130,1,LM-15-248,early,2015,10,4,F,J,414.45,177,85.5,40.5,9.77,22.88,20.62975027,7
0746-1071,1,LM-15-244,early,2015,10,4,F,J,440.27,176.5,93,36.5,8.29,20.68,21.12340155,7
0746-1091,1,LM-15-244,early,2015,10,4,F,J,440.27,176.5,93,36.5,8.29,20.68,21.12340155,7
0746-1111,1,LM-15-244,early,2015,10,4,F,J,440.27,176.5,93,36.5,8.29,20.68,21.12340155,7
0746-1131,1,LM-15-244,early,2015,10,4,F,J,440.27,176.5,93,36.5,8.29,20.68,21.12340155,7
0749-1072,1,LM-15-251,early,2015,10,4,M,J,472.83,197,97,44.5,9.41,22.59,20.51477275,7
0749-1092,1,LM-15-251,early,2015,10,4,M,J,472.83,197,97,44.5,9.41,22.59,20.51477275,7
0749-1112,1,LM-15-251,early,2015,10,4,M,J,472.83,197,97,44.5,9.41,22.59,20.51477275,7
0749-1132,1,LM-15-251,early,2015,10,4,M,J,472.83,197,97,44.5,9.41,22.59,20.51477275,7
0751-1073,1,LM-15-009,early,2015,10,1,M,A,516.12,174.5,93,35.5,6.88,20.34,18.01906533,7
0751-1093,1,LM-15-009,early,2015,10,1,M,A,516.12,174.5,93,35.5,6.88,20.34,18.01906533,7
0751-1113,1,LM-15-009,early,2015,10,1,M,A,516.12,174.5,93,35.5,6.88,20.34,18.01906533,7
0751-1133,1,LM-15-009,early,2015,10,1,M,A,516.12,174.5,93,35.5,6.88,20.34,18.01906533,7
0917-1074,1,LM-17-209,early,2017,10,1,M,J,523,182,88,41.5,7.93,22.8,16.82600382,7
0917-1094,1,LM-17-209,early,2017,10,1,M,J,523,182,88,41.5,7.93,22.8,16.82600382,7
0917-1114,1,LM-17-209,early,2017,10,1,M,J,523,182,88,41.5,7.93,22.8,16.82600382,7
0917-1134,1,LM-17-209,early,2017,10,1,M,J,523,182,88,41.5,7.93,22.8,16.82600382,7
0918-1075,1,LM-17-212,early,2017,10,1,F,A,501,161.5,84,33,6.59,20.43,16.76646707,7
0918-1095,1,LM-17-212,early,2017,10,1,F,A,501,161.5,84,33,6.59,20.43,16.76646707,7
0918-1115,1,LM-17-212,early,2017,10,1,F,A,501,161.5,84,33,6.59,20.43,16.76646707,7
0918-1135,1,LM-17-212,early,2017,10,1,F,A,501,161.5,84,33,6.59,20.43,16.76646707,7
0920-1076,1,LM-17-066,early,2017,10,2,F,J,481.02,196.5,93.5,46,9.56,23.41,19.43786121,7
0920-1096,1,LM-17-066,early,2017,10,2,F,J,481.02,196.5,93.5,46,9.56,23.41,19.43786121,7
0920-1116,1,LM-17-066,early,2017,10,2,F,J,481.02,196.5,93.5,46,9.56,23.41,19.43786121,7
0920-1136,1,LM-17-066,early,2017,10,2,F,J,481.02,196.5,93.5,46,9.56,23.41,19.43786121,7
0921-1077,1,LM-17-067,early,2017,10,3,M,J,496.07,188.5,95.5,40.5,8.16,21.49,19.25131534,7
0921-1097,1,LM-17-067,early,2017,10,3,M,J,496.07,188.5,95.5,40.5,8.16,21.49,19.25131534,7
0921-1117,1,LM-17-067,early,2017,10,3,M,J,496.07,188.5,95.5,40.5,8.16,21.49,19.25131534,7
0921-1137,1,LM-17-067,early,2017,10,3,M,J,496.07,188.5,95.5,40.5,8.16,21.49,19.25131534,7
0945-1057,1,LM-17-087,early,2017,10,3,F,J,447.25,163.5,83,34.5,7.71,21.1,18.55785355,7
blank1,,,,,,,,,,,,,,,,
blank1_S27,,,,,,,,,,,,,,,,
blank1-1005,,,,,,,,,,,,,,,,
blank10,,,,,,,,,,,,,,,,
blank10-1146,,,,,,,,,,,,,,,,
blank13-1149,,,,,,,,,,,,,,,,
blank14-1150,,,,,,,,,,,,,,,,
blank15-1151,,,,,,,,,,,,,,,,
blank16-1152,,,,,,,,,,,,,,,,
blank17-1153,,,,,,,,,,,,,,,,
blank18-1154,,,,,,,,,,,,,,,,
blank19-1155,,,,,,,,,,,,,,,,
blank2,,,,,,,,,,,,,,,,
blank2_S21,,,,,,,,,,,,,,,,
blank2_S33,,,,,,,,,,,,,,,,
blank2_S55,,,,,,,,,,,,,,,,
blank2-1138,,,,,,,,,,,,,,,,
blank20-1156,,,,,,,,,,,,,,,,
blank21-1157,,,,,,,,,,,,,,,,
blank22-1158,,,,,,,,,,,,,,,,
blank23-1159,,,,,,,,,,,,,,,,
blank24-1160,,,,,,,,,,,,,,,,
blank3,,,,,,,,,,,,,,,,
blank3-1139,,,,,,,,,,,,,,,,
blank4,,,,,,,,,,,,,,,,
blank4_S91,,,,,,,,,,,,,,,,
blank4-1140,,,,,,,,,,,,,,,,
blank5,,,,,,,,,,,,,,,,
blank5_S99,,,,,,,,,,,,,,,,
blank6,,,,,,,,,,,,,,,,
blank6_S70,,,,,,,,,,,,,,,,
blank6-1142,,,,,,,,,,,,,,,,
blank7,,,,,,,,,,,,,,,,
blank7_S76,,,,,,,,,,,,,,,,
blank7-1143,,,,,,,,,,,,,,,,
blank8,,,,,,,,,,,,,,,,
blank8-1144,,,,,,,,,,,,,,,,
blank9,,,,,,,,,,,,,,,,
blank9-1145,,,,,,,,,,,,,,,,
Mock-Community,,,,,,,,,,,,,,,,
Mock-community-1000,,,,,,,,,,,,,,,,
Negative-control1-1017,,,,,,,,,,,,,,,,
Negative-control2-1018,,,,,,,,,,,,,,,,
Negative-control3-1019,,,,,,,,,,,,,,,,
Negative-control4-1020,,,,,,,,,,,,,,,,