BirdID,Wing_mm,Head_mm,SternL_mm,BodySize,GizzardEmptyFFDM,TotalFat,LDBM,Oxalat,OxalatIntens
LM-07-001,188,50,84.38,-2.03710992,2.75,11.5576801,94.89948,0,
LM-07-002,192,52.26,81.01,-1.57006783,2.73,9.3792399,101.4958208,0,
LM-07-003,191,52.01,84.41,-1.037492191,3.66,11.2172882,120.6790568,0,
LM-07-004,188,51.93,82.69,-1.696670816,3.54,11.7144399,115.4962176,0,
LM-07-005,191,51.3,83.76,-1.429239866,3.52,9.8743245,111.4576416,0,
LM-07-006,191,51.52,79.5,-2.242817253,3.38,9.2100775,107.8229232,0,
LM-07-008,185,50.98,83.35,-2.170193129,3.85,11.5638814,106.4094216,0,
LM-07-009,206,54.64,86.61,1.719749512,3.76,11.8711997,134.3429056,0,
LM-07-010,192,51.58,85.49,-0.875939782,3.46,16.729366,112.8711432,0,
LM-07-012,195,52.94,86.41,0.076257465,3.23,8.5334279,122.2271776,0,
LM-07-013,201,54.28,88.24,1.481894047,2.78,15.5514305,122.3617968,0,
LM-07-016,207,52.95,90.14,1.941266856,3.71,9.3771728,133.4678808,0,
LM-07-018,198,53.36,84.98,0.197666094,3.91,13.7154493,115.0250504,0,
LM-07-019,195,54.11,85.84,0.377887477,3.28,10.3694091,118.9963168,0,
LM-07-020,201,54.74,88.08,1.613917407,4.1,14.0351702,123.2368216,0,
LM-07-021,202,53.39,88.59,1.324908466,3.54,6.6995138,118.45784,0,
LM-07-024,193,50.64,84.24,-1.386227574,3.43,10.5365044,114.9577408,0,
LM-07-025,192,51.41,84.45,-1.155072493,3.82,9.2142117,110.9864744,0,
LM-07-027,187,51.86,82.96,-1.755257861,3.58,12.3890224,110.1787592,0,
LM-07-028,192,52.38,84.95,-0.701185823,3.75,10.7222036,119.2655552,0,
LM-07-029,200,51.62,84.91,-0.263275653,3.63,10.3632078,124.3810848,0,
LM-07-032,196,54.91,85.51,0.686627629,3.04,8.3704668,104.0535856,0,
LM-07-036,199,54.08,90.69,1.74339892,3.44,13.366789,133.7371192,0,
LM-07-040,194,49.8,81.87,-2.095240391,3.48,12.5561177,114.082716,0,
LM-07-041,190,50.7,81.58,-2.192013156,3.39,17.3832775,111.5922608,0,
LM-07-042,188,51.79,81.66,-1.962910852,3,8.2095728,105.0632296,0,
LM-07-043,192,52.26,84.36,-0.868018375,3.73,7.2007997,111.2557128,0,
LM-07-044,203,52.75,91.84,1.865642232,3.44,12.0444963,126.4676824,0,
LM-07-045,202,54.63,87.16,1.471503869,4.06,5.8681715,123.50606,0,
LM-07-047,180,51.01,84.19,-2.433245457,3.41,9.3689044,110.1114496,0,
LM-07-050,197,51.68,83.24,-0.861589903,3.57,10.8624266,122.3617968,1,2
LM-07-051,189,50.91,85.2,-1.447778697,3.54,8.5416963,120.477128,0,
LM-07-052,200,54.65,86.87,1.237973197,3.52,5.6948749,110.5826168,0,
LM-07-054,196,53.92,85.35,0.296795736,3.72,10.045554,116.5731712,0,
LM-07-056,193,52.94,86.27,-0.133036161,3.8,10.7035997,117.2462672,0,
LM-07-060,208,54.48,86.24,1.764579939,3.69,7.2049339,121.8906296,0,
LM-07-061,203,53.58,87.07,1.16472478,3.6,7.8671138,113.6788584,0,
LM-07-062,202,55,85.25,1.204393961,4.01,10.2105822,121.4194624,0,
LM-07-066,191,50.9,84.27,-1.466320765,3.77,9.5401339,114.419264,0,
LM-07-069,201,53.22,85.84,0.59743906,3.99,10.3776775,118.121292,0,
LM-07-070,200,54.71,81.81,0.19915818,2.9,13.0429339,110.04414,0,
LM-07-071,195,53.17,89.32,0.768874479,3.01,10.3694091,115.765456,0,
LM-07-073,195,50.94,82.34,-1.496480579,3.93,9.542201,118.3232208,0,
LM-07-085,205,53.92,87.51,1.559254565,3.86,16.2218788,122.3617968,0,
LM-07-087,192,51.36,84.21,-1.223363582,4.14,12.5561177,109.7749016,0,
LM-07-089,195,53.91,86.55,0.454700013,3.92,12.3745527,116.7751,0,
LM-07-091,200,53.24,84.64,0.263179539,3.63,11.6999702,120.4098184,0,
LM-07-092,201,53.38,89.08,1.334020172,4.21,11.3719809,135.2179304,0,
LM-07-094,186,51.04,83.19,-2.092152716,3,5.2121929,97.9957216,1,3
LM-07-095,189,52.35,85.43,-0.881322037,4.25,5.8723057,111.053784,0,
LM-07-096,202,53.32,86.49,0.859624751,3.93,9.5359997,125.861896,0,
LM-07-099,188,50.36,83.56,-2.079390798,3.84,10.8789634,119.0636264,0,
LM-07-103,210,51.51,88.98,1.449844252,3.6,7.0399057,139.8622928,0,
LM-07-106,203,54.89,87.84,1.797560598,4.04,6.2044292,123.7079888,0,
LM-07-108,195,54.13,87.92,0.820984844,4.47,7.2028668,123.169512,0,
LM-07-109,192,51.58,84.3,-1.125324513,3.81,10.5323702,114.755812,0,
LM-07-110,192,51.42,83.2,-1.413432243,3.64,7.871248,110.9191648,0,
LM-07-111,191,50.46,87.01,-1.050463257,3.76,8.8634843,122.3617968,0,
LM-07-115,209,54.88,90.46,2.882889877,3.94,5.0368292,128.8235184,0,
LM-07-118,199,54.18,85.68,0.729458261,3.81,10.5323702,117.8520536,0,
LM-07-119,202,54.18,89.37,1.772691864,4.08,10.709801,135.7564072,0,
LM-07-121,186,50,84.01,-2.294603956,3.8,8.5313608,112.063428,0,
LM-07-125,198,53.7,87.59,0.867002027,3.78,9.5339326,127.9484936,0,
LM-07-142,189,52.27,82.87,-1.446605574,3.57,11.0377903,111.1884032,0,
LM-07-145,199,53.52,87.21,0.812561658,-99,11.5535459,123.6406792,0,
LM-07-146,205,54.61,87.03,1.706993524,-99,13.0387997,128.1504224,0,
LM-08-002,186,52.58,83.88,-1.393305217,3.68,5.3668856,94.89948,0,
LM-08-004,192,53.25,83.98,-0.591352664,3.62,12.0279595,122.496416,0,
LM-08-005,195,51.97,83.21,-0.943460109,3.36,6.0352668,108.5633288,0,
LM-08-006,185,54.1,82.48,-1.229627878,3.48,12.3766198,106.005564,0,
LM-08-007,199,52.47,87.42,0.478675546,4.26,10.2043809,122.496416,0,
LM-08-008,198,53.95,83.9,0.183674835,3.99,16.5105932,129.1600664,0,
LM-08-009,201,55.46,88.03,1.862567182,3.73,12.0362279,134.0063576,0,
LM-08-015,197,54.97,86.44,0.993096073,3.75,12.1619812,117.784744,0,
LM-08-018,204,55.82,90.01,2.677005276,3.94,8.1909689,139.0545776,0,
LM-08-019,203,54.35,89.28,1.904990987,3.84,11.1821475,138.1122432,0,
LM-08-020,195,56.13,83.16,0.543246265,4.06,7.5184535,124.0445368,0,
LM-08-022,192,50.07,84.53,-1.620573366,4.72,14.3817634,120.8809856,0,
LM-08-023,205,54.72,87.95,1.939384185,3.85,10.3487381,121.150224,0,
LM-08-024,207,53.46,88.2,1.718255962,3.34,5.7093446,107.0825176,1,1
LM-08-026,191,52.26,83.3,-1.180136519,3.83,10.870695,120.3425088,0,
LM-08-031,196,53.33,83.47,-0.309531329,3.55,11.5597472,118.3232208,1,1
LM-08-033,207,53.65,91.97,2.57670459,4.15,9.1956078,121.6213912,0,
LM-08-035,191,50.03,83.49,-1.942896177,3.7,10.7015326,118.5924592,0,
LM-08-041,200,53.3,84.91,0.341356639,3.32,12.1826522,124.6503232,0,
LM-08-043,189,52.98,85.09,-0.725837707,3.03,8.1702979,100.5534864,0,
LM-08-044,196,52.85,82.14,-0.761007524,3.5,10.5468399,115.428908,0,
LM-08-045,193,52.5,86.61,-0.220139457,3.66,8.8552159,116.7077904,0,
LM-08-051,199,52.73,85.68,0.207603008,4.07,4.2178895,115.0250504,0,
LM-08-052,196,53.97,84.79,0.197433224,4.27,6.3632561,124.1118464,0,
LM-08-053,198,52.7,88.64,0.727147204,3.91,8.8614172,126.4676824,0,
LM-08-054,188,51.72,82.26,-1.862363663,4.24,10.3756104,108.4287096,0,
LM-08-055,199,53.3,85.17,0.305866937,3.74,11.6979031,122.0252488,0,
LM-08-057,188,52.41,83.59,-1.335308432,4.1,8.5272266,109.7749016,0,
LM-08-058,198,56.16,88.25,1.890670676,3.46,12.3766198,135.8237168,0,
LM-08-059,195,54.21,87.08,0.673740576,4.62,10.7015326,130.5062584,0,
LM-08-062,182,50.88,82.65,-2.622811416,3.79,13.0077932,109.1691152,0,
LM-08-063,194,53.34,85.89,0.02126557,3.71,15.0563459,127.6792552,0,
LM-08-065,193,53.23,84.39,-0.422651074,4.14,13.5442198,118.5924592,0,
LM-08-066,189,50.75,81.11,-2.362491761,3.92,4.7047057,103.3804896,0,
LM-08-071,201,53.01,88.61,1.102360617,3.02,8.5375621,121.7560104,0,
LM-08-072,192,52.68,84.69,-0.647703192,3.76,11.3864506,121.9579392,0,
LM-08-073,197,53.83,83.6,-0.012360409,3.56,16.5209287,119.9386512,0,
LM-08-074,200,54.14,86.62,1.002032358,3.39,16.0299783,133.4678808,0,
LM-08-075,199,53.3,85.77,0.431607138,3.91,6.0435352,117.9866728,-99,
LM-08-077,208,55.76,88.69,2.738691315,3.92,10.6994655,133.0640232,0,
LM-08-078,191,52.73,83.1,-1.052896838,3.44,14.1981313,115.765456,1,2
LM-08-079,188,54.62,87.46,0.271095248,3.41,5.6907407,123.9772272,0,
LM-08-080,192,52.57,81.35,-1.387245995,3.97,15.8711514,112.9384528,0,
LM-08-081,181,52.86,82.65,-2.000186195,4.35,16.3889741,130.23702,0,
LM-08-082,195,54.79,87.43,0.955831128,3.62,9.8495193,129.4966144,0,
LM-08-083,190,51.21,81.51,-2.023133757,4,15.0108697,119.3328648,1,2
LM-08-084,188,51.47,82.99,-1.799354796,3.77,10.3528723,104.8613008,0,
LM-08-085,191,55.64,85.12,0.417738011,3.49,7.3554924,124.7849424,0,
LM-08-086,189,51.27,82.28,-1.930150279,3.5,16.3517663,114.6885024,1,1
LM-08-087,186,49.56,83.83,-2.490682093,4.04,10.2023138,119.4001744,1,3
LM-08-095,189,54.18,86.68,0.039254033,4.22,13.3585206,109.6402824,0,
LM-08-096,190,52.52,84.58,-0.908293835,4,5.7010762,112.1307376,1,1
LM-08-100,184,52.28,85.41,-1.360592003,3.44,12.1805851,119.4001744,0,
LM-08-111,189,53.69,83.49,-0.805615786,4.27,14.3652266,119.6694128,0,
LM-08-113,207,54.16,84.84,1.266040959,3.25,8.3477287,136.294884,0,
LM-08-115,188,52.35,81.92,-1.706879334,4.27,12.5519835,107.0825176,0,
LM-08-116,194,52.65,85.03,-0.407293171,4.08,15.8773527,120.2078896,0,
LM-08-117,191,52.47,84.15,-0.926425532,3.84,16.89026,121.150224,0,
LM-08-118,199,56.47,86.44,1.71290058,4.74,13.8887459,137.4391472,0,
LM-08-120,195,54.62,87.32,0.871595728,4.21,7.3699621,110.4479976,0,
LM-08-123,194,53.92,87.17,0.498253433,3.97,13.2286331,133.939048,0,
LM-08-124,189,52.14,82.94,-1.478722907,4.42,9.8763916,112.9384528,1,3
LM-08-125,195,53.49,85.46,0.075113909,4.22,13.849471,118.8616976,0,
LM-08-133,191,52.77,84.95,-0.650801878,3.51,9.0285125,119.130936,0,
LM-08-136,188,51.29,83.32,-1.794979717,3.81,14.6828804,115.5635272,0,
LM-08-137,193,52.57,80.95,-1.381095673,3.6,8.3621984,108.4287096,0,
LM-08-138,200,55.93,86.34,1.587574909,3.78,12.038295,126.3330632,0,
LM-08-140,189,51.46,85.17,-1.256120612,3.67,13.870142,113.6788584,0,
LM-09-001,187,52.43,82.86,-1.571071462,3.45,10.27536305,108.7994008,0,
LM-09-002,199,53.14,86.21,0.46623259,3.57,7.27809814,122.479908,1,1
LM-09-004,193,51.35,83.48,-1.289969372,4.02,8.78396866,119.2536368,0,
LM-09-005,189,50.87,83.28,-1.864543347,3.64,10.21236514,109.554988,0,
LM-09-007,201,52.84,88.2,0.955255117,3.75,6.22705739,117.7327612,1,3
LM-09-008,200,54.56,85.92,1.00649353,3.21,6.79499233,124.809648,0,
LM-09-009,205,55.55,89.62,2.588078221,4.54,6.81224305,139.4811732,1,1
LM-09-010,206,55.07,88.74,2.3208843,3.67,7.77986421,124.0158476,0,
LM-09-011,208,55.19,89.04,2.606896667,3.7,5.77205168,123.5538984,0,
LM-09-012,202,53.86,85.41,0.827638483,4.15,6.03837206,116.768086,0,
LM-09-022,198,53.16,85.38,0.20951286,3.78,4.94048298,123.2325372,0,
LM-09-026,204,56.77,90.54,3.129980952,4.45,8.22021785,136.9160408,0,
LM-09-032,191,52.07,79.91,-1.958949687,3.57,9.77311264,122.2581608,0,
LM-09-034,190,50.01,80.37,-2.693920348,3.38,4.65770462,101.1259312,0,
LM-09-036,198,53.31,86.64,0.527552308,4.24,5.04115329,123.2226388,0,
LM-09-039,205,54.17,86.95,1.531872088,3.67,4.46633267,126.3600216,0,
LM-09-043,192,52.8,82.07,-1.153580714,3.99,4.86663569,108.2521128,0,
LM-09-044,195,53.87,84.75,0.063083404,3.93,8.83240247,124.3756192,0,
LM-09-045,188,54.14,82.81,-0.876143392,4.02,5.86314969,108.0246084,0,
LM-09-046,196,53.77,86.08,0.395794621,4.1,8.57305574,130.3612824,1,3
LM-09-047,192,52.36,82.77,-1.16523989,3.63,4.82935966,108.6881136,1,2
LM-09-048,200,54.87,86.2,1.176741344,4.06,7.8441392,118.8201996,0,
LM-09-051,191,52.97,82.41,-1.111122027,3.23,4.06395983,99.5714164,0,
LM-09-052,203,54.09,87.64,1.467727059,4.22,5.48768784,120.737088,0,
LM-09-053,199,54.7,89.75,1.769544047,4.42,4.9577337,130.5207196,0,
LM-09-055,197,54.72,81.81,-0.067174187,3.75,11.34048356,122.213796,1,3
LM-09-056,201,54.01,88.36,1.40986904,4.33,7.34259356,131.4358644,0,
LM-09-058,192,52.44,83.37,-1.010707675,4.67,7.77178942,115.7184664,0,
LM-09-069,204,56.19,86.53,2.080875176,4.03,6.10295545,129.6486796,0,
LM-09-071,196,53.01,82.38,-0.653127416,4.29,9.29429386,112.2492324,0,
LM-09-072,202,53.14,86.24,0.742450969,4.24,9.13172678,127.6644744,0,
LM-09-073,199,55.13,86.03,1.144711876,4.34,7.43488068,122.3252804,0,
LM-09-077,201,54.32,86.48,1.127452132,3.55,5.71752493,129.320378,0,
LM-09-078,205,52.07,88.59,1.119771605,3.98,8.38856947,130.4911832,0,
LM-09-085,191,52.88,82.01,-1.227339843,3.8,6.83955041,104.3880492,0,
LM-09-087,192,51.66,80.96,-1.796486284,3.72,5.47114189,112.9959072,0,
LM-09-088,202,52.72,85.15,0.362864864,3.9,8.40510049,122.9183136,0,
LM-09-089,197,54.17,84.81,0.363581722,4.05,6.68426538,123.7447672,0,
LM-09-090,194,52.75,84.82,-0.415312224,4.09,4.64645887,110.092772,0,
LM-09-092,188,51.99,82.41,-1.733755566,3.68,3.06872291,96.1544352,0,
LM-09-093,189,53.48,85.3,-0.50187855,4.19,3.46103911,115.2270192,0,
LM-09-099,202,55.16,89.09,2.066715274,4.36,8.71148642,124.0261404,1,1
LM-09-103,197,53.08,81.23,-0.778959333,3.91,9.39844353,121.8049268,0,
LM-09-104,196,52.64,87.15,0.213344116,3.87,9.1158856,117.4680296,1,3
LM-09-106,202,54.77,88.9,1.886536476,3.82,5.60679798,120.10525,0,
LM-09-107,200,52.25,86.62,0.321821029,4.3,6.72114504,118.7621896,0,
LM-09-108,202,54.6,87.21,1.471185214,3.87,6.8330611,126.863142,0,
LM-09-109,195,51.7,84.26,-0.820587804,3.68,8.34211751,126.975218,0,
LM-09-122,189,52.18,85.25,-0.980227126,3.97,5.93809812,108.5946512,0,
LM-09-127,210,54.24,90.08,2.662895428,4.53,6.71236548,136.00977,0,
LM-09-134,186,52.09,85.04,-1.326558581,3.55,7.73411702,107.155762,0,
LM-09-138,191,52.12,82.06,-1.490385626,3.91,8.62987274,118.7051656,0,
LM-09-139,188,53.28,85.44,-0.634496328,4.21,7.72454472,113.6489224,0,
LM-09-140,195,53.4,83.84,-0.296775649,3.99,4.44630736,110.9938772,0,
LM-09-143,205,54.57,86.64,1.610866387,4.68,8.60375449,133.798652,0,
LM-09-154,180,49.65,80.56,-3.683437909,3.54,4.83664171,94.8416616,0,
LM-09-165,190,53.13,86.24,-0.340873507,4.47,13.24351469,130.4901972,0,
LM-09-166,201,55.05,87.66,1.63746832,4.15,6.07454695,126.2584356,0,
LM-10-001,188,50.45,80.27,-2.736475217,2.99,1.14804469,89.1221104,0,
LM-10-011,198,53.33,86.13,0.427871141,3.71,3.59660723,126.313882,1,2
LM-10-012,182,51.32,81.92,-2.617439251,3.52,4.58147911,101.0108972,0,
LM-10-013,190,54.14,86.19,0.012147319,3.51,12.49461733,119.1867144,1,2
LM-10-018,194,51.75,82.81,-1.19644207,3.63,2.22551209,109.5203244,1,2
LM-10-023,206,55.56,88.34,2.413408584,3.63,4.2259546,123.3455992,1,1
LM-10-024,200,55.8,87.45,1.773407258,3.96,5.37933911,120.794112,1,2
LM-10-027,191,50.24,83.47,-1.87150848,3.27,3.21117671,111.53245,1,3
LM-10-031,190,51.03,83.8,-1.608007356,3.92,4.79010178,106.3801808,0,
LM-10-032,192,52.26,83.65,-1.016810946,3.72,5.96263089,129.7417476,0,
LM-10-034,183,50.35,80.11,-3.255881569,3.14,1.35825284,84.4630632,0,
LM-10-038,201,53.35,85.95,0.667278452,4,5.11491261,116.5720516,1,1
LM-10-045,207,56.35,92.15,3.58615712,3.43,8.61429547,149.6479228,0,
LM-10-048,190,51.79,85.58,-0.961453961,3.65,6.61239994,117.5810916,0,
LM-10-051,209,54.63,88.44,2.369589491,3.85,8.48068065,130.9709572,0,
LM-10-053,189,51.76,82.03,-1.806190944,3.25,4.48397976,111.2875152,1,1
LM-10-054,194,53.46,84.59,-0.20798351,3.75,2.70971904,111.1633716,0,
LM-10-055,203,56.39,88.19,2.41075931,3.76,5.67028023,132.1716548,0,
LM-10-058,200,53.79,84.59,0.450646284,3.27,2.97493828,117.3811132,0,
LM-10-059,191,51.4,82.32,-1.69502633,3.46,6.57463957,103.1580508,1,1
LM-10-061,190,50.3,84.27,-1.772237992,3.16,4.21757141,113.4602228,-99,
LM-10-065,182,51.72,83.98,-2.041771158,3.62,6.19238001,103.1309192,0,
LM-10-066,206,56.22,88.43,2.669803729,4.08,2.40999836,132.3700556,1,1
LM-10-067,187,51.62,83.33,-1.764094112,2.96,5.44312976,104.5098264,0,
LM-10-068,202,55.58,88.92,2.182246957,4.03,9.41396138,127.9624508,0,
LM-10-069,205,55.39,88.45,2.285300802,3.91,4.03546336,120.852122,-99,
LM-10-071,184,50.3,83.99,-2.370779489,3.71,9.91715192,107.3171328,0,
LM-10-074,188,51.13,81.47,-2.240262697,3.44,4.2728909,98.922148,1,1
LM-10-075,201,53.23,87.62,0.974067324,3.67,9.02947099,115.9354808,0,
LM-10-079,195,54.07,86.57,0.516475381,3.69,4.86434544,104.9638492,0,
LM-10-085,188,51.77,83.63,-1.557261863,3.36,6.59237463,121.1521088,0,
LM-10-091,201,51.34,85.07,-0.240539858,3.63,5.17473956,112.420896,0,
LM-10-093,199,54.57,87.4,1.230274571,4.32,5.7800385,123.1085908,0,
LM-10-094,182,50.51,82.34,-2.820940251,3.62,5.13264767,103.203796,0,
LM-10-097,202,53.74,87.07,1.132331685,3.55,2.35547161,111.0229808,0,
LM-10-099,195,53.95,87.04,0.571783851,3.81,6.61477816,121.9290704,0,
LM-10-100,199,53,86.8,0.539491097,3.86,5.36818133,115.407398,0,
LM-10-102,191,51.37,83,-1.563317775,3.35,2.16370329,110.5123284,0,
LM-10-107,186,51.75,85.68,-1.314801759,4.25,6.32715539,115.519474,0,
LM-10-119,198,53.64,86.77,0.673563075,3.09,4.10922268,132.7034844,0,
LM-10-122,197,52.45,87.11,0.226557526,3.37,3.93439668,116.7781816,0,
LM-10-124,204,53.46,88.65,1.542629744,4.18,5.1418236,125.3957408,0,
LM-10-131,205,54.3,89.22,2.054376203,3.85,5.51371812,129.4977988,0,
LM-10-134,189,53.99,82.77,-0.848533975,3.44,4.79168726,105.2660052,1,2
LM-10-136,204,53.2,85.05,0.694614494,4.07,5.65166446,126.9665028,0,
LM-10-137,191,50.2,83.09,-1.965539948,3.68,6.71395096,116.2698956,0,
LM-10-139,205,53.51,89.45,1.818255476,3.9,3.96249678,127.173816,1,1
LM-10-140,199,54.31,84.33,0.493329831,3.86,4.84012107,116.3505016,1,2
LM-10-141,202,53.57,86.31,0.911877734,3.54,8.91485338,125.5107748,0,
LM-10-143,191,51.73,81.44,-1.760678234,3.52,8.61530864,122.2017284,0,
LM-10-191,189,50.7,84,-1.774838135,3.88,4.53938722,115.455904,0,
LM-10-199,192,50.97,82.77,-1.665501132,3.94,2.64672113,107.3747484,1,2
LM-10-200,198,54.35,83.84,0.315060885,3.53,7.33451877,115.6818308,0,
LM-10-202,198,53.26,87.45,0.67930657,2.99,7.57401613,116.05923,0,
LM-10-204,194,53.71,87.12,0.412196047,3.73,5.39049689,121.3819796,0,
LM-10-207,202,52.88,88.77,1.179081437,4.19,13.61182695,136.60655,0,
LM-10-208,191,52.78,83.7,-0.909161628,3.95,4.5654175,114.5292448,0,
LM-10-211,190,52.07,84.4,-1.107970974,3.35,10.2796066,112.089242,0,
LM-10-215,186,51.05,80.73,-2.604088538,3.27,5.27351599,108.0808436,0,
LM-10-218,208,55.11,88.19,2.399972701,3.41,3.13851853,130.5585,0,
LM-10-220,185,50.15,79.87,-3.198203438,3.49,2.16251418,88.5071112,1,2
LM-10-222,205,52.97,86.51,1.007782398,2.95,4.44551462,123.4697428,0,
LM-10-223,198,53.78,87.86,0.952377131,3.64,8.60945106,125.3814656,0,
LM-10-225,200,55.93,88.25,1.987847881,4.4,8.96779465,135.3201192,0,
LM-10-229,193,52.66,81.02,-1.334034967,3.81,6.43449095,110.4240316,0,
LM-10-241,202,55.26,90.88,2.477830224,3.59,4.63158637,120.635502,0,
LM-10-243,200,54.29,86.82,1.097930784,3.22,4.31366122,126.3978404,0,
LM-10-251,184,52.67,81.9,-1.95581111,3.03,5.62475347,116.6924484,0,
LM-10-257,192,51.48,82.56,-1.525961113,3.27,7.30443682,113.6289284,0,
LM-10-258,188,54.21,85.51,-0.285119476,3.73,7.88882974,120.63909,0,
LM-10-259,197,55.7,87.54,1.486346902,3.29,3.4882585,121.039244,0,
LM-10-265,202,55.65,87.78,1.968533588,2.92,5.65903448,131.0309392,1,1
LM-10-268,205,53.35,87.2,1.289145695,4.33,5.81542065,121.1538836,0,
LM-10-270,206,53.21,88.67,1.636800286,4.06,4.63957319,128.2895692,0,
LM-10-271,203,54.7,89.02,1.976468627,3.64,4.50241959,122.86267,0,
LM-10-272,206,54.7,89.5,2.346992156,3.78,5.65404268,123.3944996,0,
LM-10-274,185,52.12,80.23,-2.413755975,3.65,3.49435144,108.0828156,0,
LM-10-285,201,52.74,87.4,0.751611498,3.4,3.83174452,122.4771472,-99,
LM-10-288,188,51.79,84.61,-1.344688198,3.63,8.47806707,107.5523664,1,2
LM-10-289,196,51.85,85.05,-0.511067724,3.26,7.54463895,119.4328324,0,
LM-10-291,201,54.64,87,1.351595028,3.58,3.40453051,118.5087368,0,
LM-10-292,198,54.6,85.62,0.778065191,3.54,5.96223452,121.0968596,0,
LM-10-293,205,54.42,85.77,1.37455807,3.16,5.22365771,131.0770788,0,
LM-10-295,200,52.74,83.47,-0.16196394,3.65,5.1563877,121.9569908,1,3
LM-10-304,187,52.81,84.46,-1.099002194,3.39,8.0810824,114.7383328,1,2
LM-10-306,193,52.11,83.5,-1.0122539,3.52,8.21665052,121.2667484,0,
LM-10-307,204,54.73,85.21,1.27879248,3.94,2.87536911,122.5826772,1,1
LM-10-324,188,53.07,81.51,-1.53367368,3.15,7.18673622,104.3955812,1,2
LM-10-326,203,54.41,85.65,1.165856782,4.08,4.44661576,117.0045028,1,2
LM-10-327,196,55.7,85.6,0.989809796,3.82,3.95014989,112.2110192,0,
LM-11-001,196,53.67,84.53,0.034975752,4.09,5.84343278,113.3461748,0,
LM-11-003,205,54.67,88.69,2.076468757,4,5.57110743,130.6808688,0,
LM-11-004,185,52.89,82.94,-1.568706268,4.09,5.38692956,117.3527984,0,
LM-11-009,203,55.06,89.05,2.1123197,3.68,9.37144457,134.3168364,0,
LM-11-011,192,52.44,85.46,-0.572712642,3.77,10.12806484,129.8864768,0,
LM-11-014,191,50.68,78.88,-2.67506494,3.45,3.66198336,100.9192096,1,2
LM-11-016,201,52.61,86.96,0.612614995,3.14,6.03678658,120.6424424,1,2
LM-11-022,201,52.54,89.23,1.063139076,4.75,5.79847833,129.9973696,0,
LM-11-025,196,51.17,85.73,-0.613294281,4.38,2.80231456,114.2641188,0,
LM-11-026,199,54.56,85.89,0.910229397,3.91,2.49231681,125.3391112,0,
LM-11-027,204,54.09,87.9,1.612191602,3.63,3.05866627,132.7397256,1,2
LM-11-030,185,49.4,81.59,-3.107673326,3.35,6.81334419,104.7749524,0,
LM-11-031,190,52.95,89.19,0.212567116,3.95,5.46108525,127.6012988,0,
LM-11-033,202,53.74,87.58,1.239210855,3.53,3.05866627,123.6663688,0,
LM-11-034,204,55.87,87.57,2.183656801,3.79,4.72259641,128.5444024,0,
LM-11-038,194,53.04,86.51,0.043227059,3.63,5.00506637,111.995188,0,
LM-11-040,204,54.62,88.13,1.851139105,3.5,6.39222312,124.545508,0,
LM-11-042,183,51.9,82.54,-2.188788486,3.54,4.27487275,110.7354944,0,
LM-11-043,189,51.03,82.86,-1.89497746,3.65,6.5124344,107.874122,0,
LM-11-048,200,53.89,86.1,0.803082474,3.72,2.42654431,116.6562072,0,
LM-11-084,194,52.94,82.82,-0.766065193,3.63,3.24086229,126.7017712,0,
LM-11-086,190,50.43,82.07,-2.186498372,3.44,6.14702919,103.3942704,0,
LM-11-088,188,50.77,80.75,-2.520715001,3.81,12.55072956,116.8142256,0,
LM-11-089,185,50.78,84.29,-2.045180183,4.01,2.57366658,107.4511748,0,
LM-11-092,190,52.39,84.92,-0.883828077,3.56,4.32869473,114.0178036,0,
LM-11-093,196,51.98,87.3,0.007245052,3.7,3.41568829,103.1685408,0,
LM-11-097,200,54.74,87.07,1.312277613,3.76,3.75347774,127.440914,0,
LM-11-100,188,52.92,83.05,-1.264925524,3.63,5.39888008,106.8062832,0,
LM-11-101,191,52.77,83.28,-1.000778771,3.75,6.87436025,113.8669228,0,
LM-11-104,204,55.22,88.55,2.15509735,3.59,5.78162398,139.7344288,0,
LM-11-115,199,53.75,87.19,0.891147358,3.7,4.4474085,122.695542,0,
LM-11-116,191,53.24,84.54,-0.567571267,4.11,4.22762805,115.0005008,0,
LM-11-117,201,54.75,87.69,1.535785278,3.88,6.08015555,125.0931904,0,
LM-11-119,192,51.21,82.98,-1.53511602,3.65,7.77289056,116.0289432,0,
LM-11-120,189,51.8,84.07,-1.364278254,4.47,4.45658443,126.5849624,0,
LM-11-126,193,51.61,82.65,-1.370335938,3.96,9.23191275,127.1451068,0,
LM-11-127,205,52.21,86.51,0.734258266,4.01,6.95826418,127.5227032,0,
LM-11-128,189,50.95,83.68,-1.751924532,3.37,4.80443052,111.9383612,0,
LM-11-130,198,53.55,83.36,-0.073451415,3.63,4.05390319,129.4045336,0,
LM-11-131,200,54.71,88.64,1.6305008,3.76,4.53850651,122.6298028,0,
LM-11-132,182,51.82,82.34,-2.349471023,3.85,3.87947356,110.6521276,0,
LM-11-133,202,53.91,87.3,1.241715124,3.5,4.12656137,128.838632,0,
LM-11-135,203,54.26,88.3,1.66722431,3.69,5.50722881,134.8193652,0,
LM-11-137,200,53.95,89.22,1.478525528,3.68,4.54847518,125.3610772,0,
LM-11-138,201,53.32,89.84,1.471697082,3.91,2.99447925,116.3049536,0,
LM-11-142,197,53.52,86.77,0.540397932,4.31,3.06713743,126.0315228,0,
LM-11-143,194,51.76,81.97,-1.36887935,4.14,9.3234951,122.95771,0,
LM-11-145,207,54,87.88,1.845540615,4.29,3.54366596,126.7312692,1,1
LM-11-147,201,54.6,86.85,1.305763971,3.87,4.13771915,126.3125016,0,
LM-11-148,203,54.85,89,2.026262313,3.94,4.14619031,129.8395484,0,
LM-11-152,192,51.09,83.16,-1.54058198,3.69,5.22405408,106.457396,0,
LM-11-155,190,53.05,83,-1.048662605,4.05,9.26509262,119.8480504,0,
LM-11-156,207,55.48,88.83,2.577281524,4.45,1.834385,135.4442628,0,
LM-11-157,180,51.99,80.37,-2.881089232,3.83,9.15377843,119.2625492,0,
LM-11-162,192,53.92,83.67,-0.415185317,3.72,6.72193778,118.2329236,0,
LM-11-163,202,53.77,90.45,1.851465154,4.3,2.34510657,124.2267104,0,
LM-11-165,189,51.03,80.99,-2.286867752,3.74,6.72352326,115.7372772,-99,
LM-11-169,190,52.4,82.21,-1.448155649,3.78,5.17592867,109.5741932,0,
LM-11-171,195,52.21,80.15,-1.498359091,3.66,3.3699411,122.6082312,0,
LM-11-172,188,50.68,80.01,-2.708185597,3.94,2.91304151,107.3444616,0,
LM-11-175,190,51.89,84.98,-1.051204144,3.88,1.4043964,121.7779924,0,
LM-11-177,206,54.77,89.45,2.361706818,3.91,5.99103939,130.3476372,0,
LM-11-181,195,53.83,88.49,0.832467982,3.92,8.10220885,124.1875112,0,
LM-11-190,194,52.08,84.47,-0.729793791,3.97,5.31356661,116.7773928,0,
LM-11-191,192,52.81,86.36,-0.250939277,3.72,1.0028163,116.3140632,0,
LM-11-200,195,53.55,85.41,0.086229569,4.43,6.39950517,122.6464444,0,
LM-11-201,191,52.03,81.15,-1.713482612,3.9,3.38569431,111.8245104,0,
LM-11-202,187,52.86,86.6,-0.632533802,4.03,4.66846603,128.9499192,0,
LM-11-203,206,53.21,90.04,1.923907078,4.05,4.7587713,135.2330056,0,
LM-11-205,178,50.49,80.55,-3.563171678,4.12,3.85335531,102.0791304,0,
LM-11-206,188,51.84,85.24,-1.194665978,3.42,5.11411987,114.5185576,0,
LM-11-209,202,55.49,89.28,2.225300062,3.58,5.17751415,134.3556412,0,
LM-11-210,203,55.3,87.6,1.894823589,3.87,4.17230856,128.7988412,0,
LM-11-221,192,53.41,86.44,-0.018233812,3.38,2.35547161,98.3845612,0,
LM-11-255,191,51.6,83.15,-1.449105684,3.89,6.82150695,114.6407292,0,
LM-11-257,198,54.45,90,1.641983631,3.91,3.88105904,135.5101992,0,
LM-11-259,198,53.5,87.82,0.843222402,3.67,3.4033414,116.1631824,0,
LM-11-260,205,54.05,87.1,1.520119117,3.82,4.886661,132.9115864,0,
LM-11-261,197,54.72,85.91,0.792050519,3.47,2.56528339,116.0584412,0,
LM-11-263,203,56.37,90.17,2.818503969,3.85,3.54326959,129.9444868,0,
LM-11-265,200,53.32,86.02,0.581174014,3.71,2.99527199,109.7276376,0,
LM-12-001,195,51,83.86,-1.156344726,4.3,11.88049434,113.525962,1,3
LM-12-002,188,50.79,83.05,-2.031512894,3.5,6.41154366,103.5465316,1,2
LM-12-004,190,51.85,85.01,-1.059313141,3.48,4.81180054,110.4655972,0,
LM-12-005,197,55.88,90.93,2.261561068,4.22,8.14425625,124.85914,1,3
LM-12-008,188,52.1,82.6,-1.654348817,4.21,11.06277004,112.9584828,0,
LM-12-009,201,54.72,87.09,1.399248072,3.91,7.77995218,120.2941468,0,
LM-12-010,190,52.27,83.2,-1.287471341,3.62,4.69308677,104.283308,0,
LM-12-011,197,53.08,85.22,0.057213003,4.14,8.18113591,112.1009152,0,
LM-12-014,187,51.71,81.42,-2.131976069,3.51,8.0754738,110.2456248,1,2
LM-12-016,204,56.26,88.84,2.590167961,3.98,9.55902876,135.6713728,0,
LM-12-019,189,52.4,84.19,-1.12319011,3.15,7.02482942,119.018206,0,
LM-12-020,193,52.45,86.1,-0.345013637,4.56,9.13830406,107.1828936,0,
LM-12-021,187,52.3,82.13,-1.770842396,3.38,8.12273343,102.0812996,1,2
LM-12-022,192,52.26,84,-0.943462496,3.71,8.80249646,114.4722208,1,1
LM-12-023,196,55.34,89.6,1.698513739,3.87,4.81180054,125.22881,0,
LM-12-028,206,54.86,85.99,1.668996009,3.97,7.21232564,138.7808352,0,
LM-12-029,195,55.5,84.83,0.666486048,4,6.98486677,112.2601168,0,
LM-12-030,205,55.42,88.42,2.289810797,3.75,8.45165535,114.7888492,0,
LM-12-032,195,51.98,84.78,-0.610840915,3.88,18.62917824,128.7346796,1,1
LM-12-035,205,56.81,90.75,3.278363152,4.48,9.84038265,138.8277636,1,1
LM-12-036,199,54.72,88.19,1.449817528,4.25,8.57503759,134.725114,1,1
LM-12-040,205,53.57,85.9,1.095886632,4.35,14.42482336,132.0405708,0,
LM-12-043,190,52.65,83.24,-1.142326595,3.83,7.52470161,120.6626336,0,
LM-12-045,187,52.3,83.39,-1.506787974,4.65,7.81454159,110.7669644,1,1
LM-12-048,190,55.24,88.21,0.831362853,4.7,9.67593662,130.8054068,1,1
LM-12-050,187,52.53,88.51,-0.351027887,3.96,5.54349167,114.359356,0,
LM-12-051,198,54.41,84.42,0.458203756,4.35,7.84983577,119.7559684,1,3
LM-12-055,189,52.99,82.8,-1.202147139,3.94,8.38097902,112.9412496,1,1
LM-12-056,197,55.37,85.27,0.891862751,3.93,7.02293554,120.768558,0,
LM-12-057,203,55.6,88.94,2.283613423,4.83,5.54032071,123.4232088,0,
LM-12-058,202,55.38,88.43,2.007579092,3.13,5.01591575,119.8603152,0,
LM-12-059,199,55.97,88.6,1.985615216,4.18,7.76632821,130.44741,1,3
LM-12-060,201,55.6,87.67,1.837509086,3.87,9.67024005,127.7801,0,
LM-12-062,198,54.65,87.43,1.175376472,4.61,8.23075883,126.8924428,0,
LM-12-064,192,52.83,88.45,0.19425376,4.38,8.11655252,123.329352,0,
LM-12-067,204,56.09,91.67,3.122059545,4.3,14.80571787,152.0033756,0,
LM-12-068,202,54.33,88.49,1.642257929,5.37,12.18281367,140.6226776,0,
LM-12-069,185,52.25,81.84,-2.02956608,3.59,7.08743096,115.5295696,0,
LM-12-070,183,50.45,79.47,-3.354014432,3.49,8.10966684,107.4977088,1,1
LM-12-071,203,54.93,90.85,2.44275328,3.88,6.18947296,133.5547032,0,
LM-12-072,204,56,88.59,2.444202165,4.3,9.2005972,139.403958,0,
LM-12-079,195,52.72,83.85,-0.539412097,5.02,14.94535259,125.6786916,1,1
LM-12-082,195,53.66,86.25,0.301854869,4.07,13.58244977,127.252806,0,
LM-12-083,187,52.3,83.72,-1.437630863,3.36,6.60212287,109.8502036,0,
LM-12-087,193,52.66,84.79,-0.543967372,3.56,7.16776756,127.0116564,0,
LM-12-088,192,53.01,84.38,-0.593901905,3.96,10.00026311,117.5157468,1,3
LM-12-089,200,52.24,82.24,-0.599681439,4.33,7.79500062,121.2362644,1,1
LM-12-090,203,53.59,89.87,1.755111385,3.94,9.05646995,132.1839196,1,2
LM-12-092,186,51.29,82.29,-2.190787974,3.58,8.50198304,117.1648876,0,
LM-12-105,190,52.3,83.69,-1.173986505,4.19,10.26231139,114.5573624,1,2
LM-12-109,187,51.37,84.63,-1.581632054,3.78,8.12273343,124.1930712,1,1
LM-12-131,192,50.9,79.49,-2.378073908,3.62,5.4584866,89.1886384,0,
LM-12-132,196,55.29,87.89,1.322159158,4.39,9.05735066,131.46694,0,
LM-12-141,201,55.33,84.74,1.126304725,4.52,9.28281275,123.7241816,1,1
LM-12-142,195,53.63,87.61,0.576068986,3.96,9.63208331,129.0473256,1,1
LM-12-144,190,52.13,81.83,-1.624964157,3.9,8.52152401,115.5115476,0,
LM-12-146,198,55.26,87.02,1.308993107,4.44,7.75075094,121.5247368,1,2
LM-12-162,201,54.01,87.44,1.217067399,4.18,8.74449035,133.0076124,0,
LM-12-163,192,54.36,87.17,0.476655264,3.95,9.43969819,127.0058992,1,2
LM-12-167,201,54.48,85.62,1.004808538,4.24,7.71497242,122.2862784,1,1
LM-12-172,202,55.22,85.25,1.283571999,3.86,9.32397944,133.8067756,0,
LM-12-173,203,54.4,85.97,1.229319221,3.99,10.59013217,126.6736536,1,1
LM-12-176,196,54.75,86.79,0.897289363,4.22,6.61756768,128.7156716,0,
LM-12-192,206,55.32,89.88,2.649765725,4.65,7.76998351,136.4166672,0,
LM-12-193,188,53.08,83.4,-1.133993045,4.07,14.03542914,120.672532,0,
LM-12-195,200,53.3,86.09,0.588645701,4.12,9.5356851,123.826162,0,
LM-12-196,192,52.9,82.45,-1.037955236,3.8,11.41093946,118.76357,1,1
LM-12-197,187,53.35,85.42,-0.703471778,4.47,9.53251414,127.9687996,1,1
LM-12-198,201,55.78,89.21,2.225024299,4.38,11.98774193,131.6374204,1,2
LM-12-199,189,51.78,85.88,-0.992159985,4.1,8.97512018,117.6389044,0,
LM-12-200,187,53.68,82.92,-1.108622224,3.94,9.08575916,115.0381224,1,3
LM-12-213,195,53.9,90.21,1.218116237,3.47,6.7669802,124.7722236,0,
LM-12-217,202,55.12,85.69,1.339791463,3.97,13.30320918,133.6301436,0,
LM-12-221,198,53.02,81.26,-0.70428921,3.54,9.35040609,110.2935392,1,3
LM-12-222,183,54.32,83.38,-1.141793784,3.75,8.17915406,127.118764,0,
LM-12-374,203,54.07,86.24,1.167135254,4,6.75850904,129.377402,1,3
LM-12-375,207,55.99,88.21,2.630899072,3.72,8.24642407,133.6109384,1,3
LM-12-383,195,53.69,85.25,0.103084873,3.86,8.67412242,120.3327544,1,2
LM-12-394,200,54.91,85.11,0.96270932,4.54,11.28556044,126.9104648,1,1
LM-12-398,198,55.12,85.24,0.885577821,4.21,10.079719,127.6363568,1,1
LM-12-401,192,54.31,84.94,-0.008674158,4.11,11.12127542,123.7152692,1,3
LM-12-403,192,51.83,82.06,-1.504779553,4.09,7.01098502,117.3636828,1,3
LM-12-410,187,50.3,81.16,-2.693922735,3.8,8.05078002,100.5493424,1,2
LM-13-001,186,51.66,84.06,-1.686691317,3.56,5.14950202,110.3319496,0,
LM-13-006,189,49.94,81.1,-2.656106572,3.78,7.83447893,115.1606884,0,
LM-13-007,188,52.59,85.42,-0.887018788,4.01,6.61937359,122.8818752,1,2
LM-13-008,197,53.94,85.36,0.396066533,3.8,7.10468168,119.802108,1,1
LM-13-009,201,52.24,88.39,0.779132743,4.14,9.69176287,137.9195208,0,
LM-13-011,195,52.99,81.91,-0.848799033,4.45,7.78105332,111.2881068,0,
LM-13-015,198,52.53,87.66,0.460588514,4.05,7.94551428,123.621018,0,
LM-13-016,207,56.17,89.33,2.930396145,4.33,6.14482691,143.5984924,1,1
LM-13-017,202,54.18,86.65,1.20266962,4.34,7.17124692,126.9665028,0,
LM-13-021,190,52.96,82.88,-1.106201661,4.29,8.40051999,120.104264,0,
LM-13-022,202,53.64,85.48,0.763130135,3.33,7.56965606,132.8811024,1,1
LM-13-024,198,54.35,86.42,0.855743748,4.11,6.73738259,122.4771472,0,
LM-13-025,206,56.51,88.46,2.78046179,3.3,7.39720828,136.2174776,0,
LM-13-028,200,54.55,88.92,1.631595532,3.64,6.75043425,129.2835452,0,
LM-13-029,192,52.48,83.19,-1.034033728,3.51,4.65730825,118.0895748,0,
LM-13-030,200,53.46,86.95,0.82645735,4.2,9.86081926,127.703082,0,
LM-13-031,202,53.15,86.72,0.846642131,3.15,8.09162338,125.3125712,0,
LM-13-036,202,55.29,86.16,1.499470983,3.81,5.17760212,120.878662,0,
LM-13-037,183,52.95,84.37,-1.427385691,4,8.33791845,126.6724704,0,
LM-13-051,188,51.79,82.33,-1.822500961,4.12,8.12603685,114.6525996,0,
LM-13-054,199,53.73,84.63,0.347457831,4.17,7.41802633,122.9400824,0,
LM-13-055,202,55.11,85.71,1.340383801,4.37,9.17817874,126.9370048,0,
LM-13-057,190,52.52,83.69,-1.094808467,4.01,6.64707732,112.0432996,0,
LM-13-063,191,51.63,81.17,-1.853251342,4.29,10.82747174,125.8117476,0,
LM-13-064,197,54.16,85.39,0.481531581,3.82,5.62642692,119.6706296,0,
LM-13-070,204,54.88,87.31,1.772868209,4.56,7.08941281,136.81268,0,
LM-13-075,197,53.83,88.49,1.012422228,4.25,9.01468646,135.1704216,0,
LM-13-077,190,52.13,80.61,-1.880635899,4.94,6.85569999,125.5761196,0,
LM-13-081,186,53.27,83.48,-1.228800898,3.68,10.80751947,131.3125096,0,
LM-13-083,190,52.58,82.07,-1.412712998,3.48,6.51221397,109.2460888,0,
LM-13-084,183,53.39,79.93,-2.1995071,3.37,10.3014813,120.1969376,0,
LM-13-091,202,55.46,88.61,2.074093166,3.97,6.46646678,140.2167664,0,
LM-13-092,193,52.07,84.13,-0.894622696,3.88,12.98018933,124.0259432,0,
LM-13-098,199,54.38,88.1,1.308590439,3.77,7.76080758,122.071236,1,1
LM-13-100,186,53.54,84.88,-0.838234049,3.82,9.07022638,133.1937484,0,
LM-13-103,203,53.88,87.67,1.398435033,5.23,9.05037701,140.227848,0,
LM-13-105,189,51.35,82.76,-1.800766104,3.79,7.6078128,118.75308,0,
LM-13-108,191,49.25,82.83,-2.361932534,4.33,9.89752298,119.063754,0,
LM-13-109,191,51.87,85.5,-0.859450184,4.04,9.00542256,119.613014,0,
LM-13-111,203,53.78,90.08,1.867501489,3.96,9.51883075,126.569504,0,
LM-13-115,199,55.37,87.32,1.50142935,4.02,7.74227978,130.1428876,0,
LM-13-121,202,53.66,86.55,0.99456483,4.06,7.46986646,129.677586,0,
LM-13-122,192,51.53,81.38,-1.755255166,3.91,5.92575123,110.3705572,0,
LM-13-123,188,51.76,83.21,-1.648879005,3.62,4.66577941,102.023684,1,3
LM-13-132,199,54.58,84.63,0.653372979,3.81,5.83434482,120.7838192,1,1
LM-13-134,191,52.54,83.54,-1.02906839,3.52,4.39019513,111.4011688,0,
LM-13-135,205,55.19,86.65,1.836100165,3.9,8.30293267,137.2950176,1,1
LM-13-136,182,50.05,82.94,-2.86075413,3.75,7.35256223,111.9005424,0,
LM-13-138,195,55.55,86.97,1.132954439,4.14,8.10190045,133.48502,0,
LM-13-142,195,54.92,87.49,1.01519217,4.18,5.96311523,117.2007344,0,
LM-13-145,204,54.3,87.03,1.505447348,3.8,9.03422743,137.0421564,0,
LM-13-147,197,54.82,87.23,1.104668978,3.3,6.68285584,126.9084928,0,
LM-13-148,200,55.1,88.3,1.699609087,3.69,6.9794786,139.6498788,0,
LM-13-151,197,56.11,88.4,1.814133594,3.59,4.9858338,133.429968,0,
LM-13-153,194,53.08,86.41,0.036666366,3.96,10.81876522,130.8578952,0,
LM-13-154,184,50.6,83.84,-2.294244487,3.18,8.68290198,110.1135548,0,
LM-13-155,199,54.94,88.17,1.524804226,3.78,6.63132411,136.182814,0,
LM-13-157,200,55.45,89.58,2.09381991,3.83,9.57067088,139.3756432,1,1
LM-13-158,202,54.76,88.3,1.757197274,3.84,9.00882888,139.2798144,0,
LM-13-160,191,52.42,83.37,-1.107882802,4.09,6.23433944,109.0760028,0,
LM-13-161,200,54.47,88.47,1.508498368,4.24,11.09198621,145.1039096,0,
LM-13-162,197,54.9,86.72,1.026581821,4.26,7.63155283,138.3745296,0,
LM-13-164,204,56.25,87.07,2.215635367,3.83,7.68964691,143.14585,0,
LM-13-166,204,54.01,89.62,1.943854831,3.85,8.41088503,139.6789824,0,
LM-13-167,199,54.05,87.25,1.01169143,3.92,8.50917712,137.8828852,0,
LM-13-168,185,50.53,80.48,-2.933605501,3.86,5.16913096,113.2709316,0,
LM-13-171,200,54.65,88.78,1.638246169,4.2,8.36663535,128.0911684,0,
LM-13-174,193,54.13,83.28,-0.331360289,4,10.59114534,125.4056392,0,
LM-13-176,195,54.96,87.78,1.090362608,4.23,9.47719465,141.9095028,0,
LM-13-178,200,55.72,89.48,2.170036256,4.43,7.8067752,136.8330684,0,
LM-13-182,187,52.96,82.37,-1.4830122,4.13,6.60243127,116.20179,0,
LM-13-183,189,50.25,84.66,-1.798478993,4.74,8.39174043,120.5662132,0,
LM-13-185,207,57.57,92.1,4.014756982,4.62,8.45172839,154.061838,1,2
LM-13-190,194,54.8,88.09,1.007767227,3.43,6.85238164,116.3061368,0,
LM-13-192,203,54.35,85.91,1.198750192,4.18,7.79799564,128.6956776,1,2
LM-13-193,187,51.7,82.47,-1.915529719,2.78,7.30769575,110.9639848,0,
LM-13-201,184,51.66,82.18,-2.260631525,3.29,10.51050034,124.0926684,0,
LM-13-231,202,54.12,84.79,0.791280987,4.41,9.12197854,136.636048,0,
LM-13-233,191,52.27,83.77,-1.078041027,3.71,8.88582808,122.5419004,0,
LM-13-234,189,51.65,84.94,-1.235939989,3.38,6.50383078,110.8994288,0,
LM-13-242,193,52.35,83.96,-0.829477037,3.67,4.8014355,113.2899396,0,
LM-14-011,204,54.72,86.72,1.59163965,3.68,2.13410568,124.5744144,1,2
LM-14-013,193,53.5,84.81,-0.237459886,3.87,5.82318704,117.7785064,1,2
LM-14-015,205,55.34,88.25,2.225392393,3.93,3.96289315,130.2177364,1,1
LM-14-016,191,50.83,78.88,-2.621079914,3.44,3.75189226,111.7686696,0,
LM-14-022,203,53.47,89.6,1.655340274,3.86,2.57216907,124.5581672,1,2
LM-14-030,185,52.72,83.25,-1.564923527,3.25,2.44617325,99.73752,1,3
LM-14-033,198,55.67,85.97,1.236506827,3.61,1.66833856,117.0710308,0,
LM-14-034,198,54.4,87.11,1.018339988,4.22,4.26252586,122.211824,0,
LM-14-035,188,52.51,82.21,-1.588520876,3.37,0.77377195,98.7734364,1,3
LM-14-036,205,54.62,86.6,1.620478715,3.98,2.90117896,121.484946,0,
LM-14-037,197,53.73,89.37,1.160851172,3.71,5.91529822,124.8844968,1,1
LM-14-040,204,54.5,85.83,1.325946981,3.49,6.24430811,122.6462472,0,
LM-14-042,186,53.1,81.09,-1.790849061,3.64,5.25824712,113.1188676,0,
LM-14-045,203,53.71,89.62,1.745907656,3.43,2.61103058,129.4328484,0,
LM-14-046,197,54.63,89.45,1.501526688,4,1.32247432,114.3326188,0,
LM-14-048,190,52.54,83.23,-1.184011284,3.66,3.56819873,103.5257488,1,2
LM-14-049,188,52.02,85.16,-1.146649307,3.46,5.08302475,109.952184,0,
LM-14-058,184,51.44,83.52,-2.058989782,3.51,3.86182647,108.1481604,1,2
LM-14-065,190,53.2,81.96,-1.212627261,3.78,2.64751387,104.3666748,0,
LM-14-068,194,52.03,83.29,-0.995077861,3.42,6.48862133,110.0456464,0,
LM-14-073,205,54.26,87.46,1.671142274,3.98,2.793535,121.6237592,1,1
LM-14-077,199,51.2,83.56,-0.787326301,4.34,6.12519797,126.1414296,0,
LM-14-080,203,54.1,86.49,1.230324009,3.93,3.54128774,116.229316,1,1
LM-14-082,195,53.75,88.23,0.749188548,3.79,6.19657907,122.16529,1,2
LM-14-083,201,54.19,86.11,1.003125319,3.59,4.1731013,118.3071808,1,2
LM-14-092,196,54.37,85.51,0.492281535,3.71,3.72498127,110.9253772,1,1
LM-14-100,202,54.7,89.55,1.997562015,4.03,4.27178976,123.1749216,0,
LM-14-101,202,55.66,89.26,2.282291751,3.8,3.42376308,117.2979436,1,1
LM-14-102,192,51.21,83.92,-1.338123038,4.05,4.73795325,118.2517344,0,
LM-14-104,186,53.17,83.06,-1.352809056,3.69,3.49554055,107.268824,0,
LM-14-105,204,54.86,87.72,1.851592676,3.32,5.50731678,130.8222456,0,
LM-14-110,202,54.47,87.54,1.493555302,3.13,4.6648987,129.8854908,0,
LM-14-112,187,52.31,82.86,-1.614259483,3.21,3.91674959,109.9143652,0,
LM-14-113,189,50.78,83.57,-1.836159932,3.37,7.40360962,120.5709844,0,
LM-14-114,200,53.58,86.12,0.69570476,3.16,8.17668787,127.2282764,0,
LM-14-118,197,52.94,85.48,0.061314399,3.5,4.6741626,109.6226992,0,
LM-14-120,194,52.46,86.14,-0.243054832,3.66,6.26433342,125.0844752,1,2
LM-14-122,191,50.98,83.34,-1.632426062,3.02,4.85745976,104.663468,0,
LM-14-124,196,54.31,86.5,0.678158856,3.23,2.71130452,109.6898188,0,
LM-14-127,192,52.83,84.19,-0.698501666,3.79,7.28197387,123.4780636,1,3
LM-14-130,186,52.81,85.15,-1.044378086,4.34,11.9421272,120.0733856,1,1
LM-14-131,180,49.77,79.67,-3.826764519,3.39,6.05293616,96.6898528,1,1
LM-14-139,185,52.74,81.58,-1.907702415,3.64,8.30125922,114.5565736,1,1
LM-14-142,203,53.73,87.7,1.350737017,3.68,4.73914236,123.4572808,0,
LM-14-143,186,50.15,78.71,-3.351324037,3.58,5.07455359,104.631012,0,
LM-14-148,203,54.39,85.26,1.076927648,3.99,5.76896869,127.5620996,0,
LM-14-149,198,53.5,86.58,0.583359321,3.26,5.36050291,129.7544068,0,
LM-14-150,195,51.65,83.59,-0.978992704,3.54,4.26182109,107.4852468,0,
LM-14-151,196,53.55,86.11,0.322903593,3.47,7.36611316,135.0730152,0,
LM-14-152,193,52.32,82.71,-1.102232794,3.41,5.4868951,112.3256588,0,
LM-14-154,192,51.88,83.45,-1.195486412,3.4,3.94366058,115.6818308,1,3
LM-14-160,189,52.04,83.02,-1.497947564,3.63,7.88053452,115.2444496,0,
LM-14-161,188,50.89,82.82,-2.043723287,3.53,4.75758219,101.7403388,0,
LM-14-162,198,53.02,86.45,0.383363527,3.77,4.78409681,127.8725764,0,
LM-14-163,206,56.08,88.74,2.684383475,3.46,4.99470133,135.1599316,0,
LM-14-180,197,54.29,88.46,1.171689298,3.53,5.85159554,126.2857644,0,
LM-14-181,195,55.4,85.21,0.710131491,3.97,4.95702893,124.45244,0,
LM-14-182,196,54.14,85.22,0.348730064,4.03,5.58686064,129.1762404,0,
LM-14-183,192,52.47,79.97,-1.712438475,3.09,5.67945616,111.7587712,0,
LM-14-184,189,51.96,80,-2.159631922,3.29,6.55549497,107.6181056,0,
LM-14-186,188,52.63,82.74,-1.434262344,3.3,4.23570284,111.947668,0,
LM-14-188,191,54.02,84.91,-0.209309341,3.49,3.25771664,118.2147044,0,
LM-14-196,205,54.3,87.48,1.689729621,4.43,4.85635862,124.960726,0,
LM-14-197,192,49.38,83.3,-2.126671897,2.98,3.67164363,107.7238328,0,
LM-14-203,200,54.28,86.05,0.932965191,3.11,3.365669,122.4377508,0,
LM-14-204,200,55.99,87.49,1.850170971,3.98,5.85887759,126.2639956,0,
LM-14-207,190,53.19,85.41,-0.493220108,3.59,5.24937959,113.646556,0,
LM-14-208,184,53.24,84.38,-1.230941848,3.67,5.02231709,115.5959004,0,
LM-14-209,201,54.01,88.39,1.41615605,4.3,9.95823064,129.071302,0,
LM-14-212,194,51.78,83,-1.145827335,3.31,4.20998096,111.4742428,0,
LM-14-217,194,53.11,84.5,-0.352809601,3.15,2.42614794,111.0606024,0,
LM-14-219,197,52.2,84.22,-0.469066151,3.75,8.27174958,121.0889332,0,
LM-14-220,197,51.41,84.77,-0.638125438,3.52,5.14032609,119.102756,0,
LM-14-223,209,55.16,92.88,3.490814069,3.42,5.62255119,129.8587536,0,
LM-14-225,195,54.18,81.25,-0.558832047,3.03,3.22044061,112.117754,0,
LM-14-226,184,52.14,83.78,-1.75257224,2.84,5.30518342,120.3866232,0,
LM-14-230,192,51.8,83.44,-1.226374096,3.75,3.71580534,111.719572,0,
LM-14-242,195,52.11,84.49,-0.624828322,3.61,5.987648,116.9197556,1,1
LM-14-243,199,53.5,87.27,0.817937675,3.8,6.24470448,123.8384268,0,
LM-15-001,204,54.64,90.7,2.396924302,3.78,1.63225164,127.5793328,0,
LM-15-003,186,52.18,78.67,-2.629109364,3.81,5.57040266,109.649042,0,
LM-15-006,195,54.06,88.84,0.988593473,3.95,3.23080565,118.0899692,0,
LM-15-009,208,55.64,90.6,3.095776267,3.52,2.20826137,128.8649748,0,
LM-15-013,193,51.73,84.38,-0.964597004,3.67,3.32230003,109.9822736,0,
LM-15-018,188,50.36,83.08,-2.179982959,4.14,6.54332402,113.5622032,0,
LM-15-019,203,54.63,86.2,1.360296671,3.43,3.97286182,139.9144132,0,
LM-15-020,189,52.63,80.44,-1.826289325,3.21,3.60468202,112.4680216,1,1
LM-15-021,201,54.01,85.59,0.829368447,3.73,3.28850336,120.8697496,1,2
LM-15-024,205,54.7,87.49,1.835785361,3.75,3.04988671,116.9474788,0,
LM-15-025,191,50.1,83.41,-1.934468525,3.84,6.12669548,119.8019108,0,
LM-15-026,198,52.31,87.03,0.249383264,4.14,3.81616725,113.1570808,0,
LM-15-028,191,52.12,81.02,-1.708335307,3.74,4.1020286,113.6582292,0,
LM-15-030,198,53.31,84.59,0.097939955,3.63,3.00493226,115.48343,0,
LM-15-032,191,51.48,84.68,-1.171656193,4.02,6.52757081,112.9012616,0,
LM-15-033,200,53.09,86.35,0.567554085,3.93,3.81687202,122.0811344,0,
LM-15-034,198,57.42,84.64,1.58760802,4.07,1.91542637,111.9864728,0,
LM-15-035,198,52.33,84.92,-0.185605105,3.53,3.25969849,110.3232344,1,3
LM-15-036,198,55.09,86.88,1.218470698,4.13,3.00413952,126.5118884,0,
LM-15-047,190,50.89,82.4,-1.951787182,3.65,3.61702891,110.1246364,0,
LM-15-060,190,52.32,83.81,-1.141640461,3.51,1.88052856,105.6637928,0,
LM-15-061,188,51.5,79.44,-2.532520646,3.47,4.96739397,103.7441436,0,
LM-15-063,198,54.28,84.77,0.484765184,3.85,2.92270178,122.1458876,0,
LM-15-067,197,54.29,83.4,0.111280271,3.85,3.65082558,126.7001936,0,
LM-15-072,203,53.9,89.02,1.688548488,3.95,4.11769384,121.3136768,0,
LM-15-073,186,51.85,82.68,-1.907512746,3.37,3.79763945,112.0609272,0,
LM-15-077,189,50.33,77.09,-3.356109179,3.7,4.10931065,97.3450372,0,
LM-15-080,208,54.99,90.68,2.878606514,3.74,4.8678248,131.9354352,0,
LM-15-081,203,54.81,89.96,2.213050627,3.78,4.81012709,133.9390428,0,
LM-15-084,190,53.6,83.26,-0.796230089,4.16,4.09117922,127.4383504,0,
LM-15-086,193,52.62,81.46,-1.256221494,3.81,3.11398576,112.0599412,0,
LM-15-098,183,50.31,79.33,-3.433739837,3.71,3.56091668,95.8714844,0,
LM-15-099,201,55.24,90.47,2.294732627,4.56,5.23941092,134.7718452,0,
LM-15-110,195,53.69,85.25,0.103084873,4.52,5.66330658,115.0173396,0,
LM-15-112,202,54.18,88.32,1.552646513,3.91,3.29697452,126.9643336,0,
LM-15-118,190,50.57,79.49,-2.676795211,3.71,6.13745689,114.139778,0,
LM-15-119,200,54.04,87.2,1.087591201,4.02,4.72957006,130.1310172,0,
LM-15-120,186,50.19,82.17,-2.611826205,3.87,5.18796716,112.6561296,0,
LM-15-123,202,53.85,87.85,1.335382965,4.4,8.04499548,127.201342,0,
LM-15-125,207,53.25,88.38,1.680398985,4.01,2.64672113,126.9461144,0,
LM-15-133,193,52.81,83.97,-0.661827287,3.8,4.69418791,112.2791248,1,1
LM-15-135,193,53.89,83.15,-0.444980041,3.38,2.91462699,113.8380164,0,
LM-15-138,189,49.55,83.14,-2.368950957,3.76,4.33028021,113.723574,0,
LM-15-144,202,55.36,87.38,1.780335737,4.29,2.93955613,132.1732324,0,
LM-15-150,199,53.67,90.28,1.509917378,4.23,3.44299565,128.1862084,0,
LM-15-152,194,51.12,85.51,-0.857348276,3.44,1.41317596,113.337854,1,1
LM-15-155,190,52.48,84.11,-1.021186333,3.95,4.98662654,111.9377696,0,
LM-15-174,198,52.63,87.15,0.38969936,4.33,3.18466209,110.453924,0,
LM-15-178,189,50.31,81.73,-2.390916296,3.24,2.14526346,98.8771916,0,
LM-15-180,202,51.3,82.87,-0.626006146,2.95,1.67111315,109.6232908,0,
LM-15-185,185,51.05,83.09,-2.199487537,4.07,5.9165753,109.6131952,0,
LM-15-194,191,52.44,84.67,-0.828247696,3.66,6.15629309,122.986222,0,
LM-15-197,195,51.99,85.07,-0.546467483,3.8,4.63000089,121.6936396,0,
LM-15-199,201,53.5,87.33,1.01046594,4.23,3.64275079,121.2946688,0,
LM-15-201,192,52.2,84.46,-0.868655685,3.68,3.68011479,118.6869464,0,
LM-15-202,202,52.9,87.14,0.844685229,4.33,3.87139877,123.3754916,0,
LM-15-205,197,54.43,85.54,0.610139678,3.71,5.47851191,124.4308684,0,
LM-15-209,197,52.27,81.74,-0.963599303,3.28,4.48596161,113.5271452,0,
LM-15-210,186,50.6,83.86,-2.110098902,4.02,3.09444479,111.2946528,0,
LM-15-212,188,52.1,86.25,-0.889429262,3.63,1.58690082,111.9104408,0,
LM-15-214,192,52.23,85.7,-0.597995599,3.97,4.84051744,117.6268368,0,
LM-15-215,202,54.3,86.77,1.271005681,4.06,3.005725,118.3762724,0,
LM-15-219,189,53.2,84.48,-0.77449554,4.17,5.50802155,122.8155444,0,
LM-15-221,186,50.45,82.61,-2.426042679,3.67,4.15505784,100.2093676,0,
LM-15-222,191,52.45,83.97,-0.971345595,3.94,6.26354068,107.0149768,0,
LM-15-226,188,51.71,80.33,-2.270426978,3.36,4.06285869,100.4645952,0,
LM-15-240,190,52.97,84.41,-0.781965147,4.11,5.99271284,125.7557096,0,
LM-15-244,190,50.31,77.69,-3.147589859,3.45,3.1333063,103.4249516,0,
LM-15-248,188,50.3,82.61,-2.30007346,3.56,2.6566898,111.5241292,0,
LM-15-249,193,52.23,83.39,-0.992118249,3.47,4.45018309,115.596492,0,
LM-15-251,195,53.15,84.67,-0.212810081,4.17,2.79472411,108.6677252,0,
LM-15-252,189,53.25,82.2,-1.234313295,3.69,4.21796778,113.3390372,0,
LM-15-255,196,53.49,84.78,0.022585471,4.22,3.58014925,117.0413356,0,
LM-15-257,202,54.47,89.14,1.828862504,3.83,3.69008346,121.1548696,0,
LM-15-258,187,50.2,83.86,-2.164081848,3.91,3.84140479,109.5561712,0,
LM-15-300,194,54.02,86.12,0.314198099,3.95,4.52933058,120.774118,0,
LM-16-010,200,51.97,82.91,-0.556444595,3.3,6.31956494,117.1734056,1,1
LM-16-013,195,53.08,83.38,-0.508344525,3.53,8.51393356,124.20928,0,
LM-16-014,187,50.01,83.17,-2.377064112,3.38,8.94286551,102.2987084,0,
LM-16-023,201,52.63,86.3,0.481498778,3.51,5.53541688,120.3868204,0,
LM-16-028,202,53.17,85.07,0.508054583,3.58,7.20724587,125.2450572,1,1
LM-16-031,201,53.2,85.06,0.426778795,4.25,5.87113651,130.7539428,0,
LM-16-041,190,51.69,81.63,-1.825233634,3.63,5.35361723,106.3334496,1,3
LM-16-045,186,50.58,79.46,-3.039391711,3.53,3.08716274,108.9900724,1,3
LM-16-046,183,50.51,80.67,-3.08094002,3.41,5.957903,105.6441932,0,
LM-16-047,199,52.95,87.45,0.657714639,4.42,6.55518657,128.221858,0,
LM-16-066,195,53.51,83.18,-0.395500851,3.58,2.2359651,105.8323012,1,2
LM-16-077,192,52.69,84.61,-0.66086955,3.74,8.23936245,127.5223088,1,1
LM-16-078,188,51.44,77.43,-2.975344329,3.5,11.43986186,101.9793192,0,
LM-16-083,201,55.16,88.39,1.83004125,3.69,5.75638644,132.600518,0,
LM-16-092,191,52.02,83.99,-1.12191133,3.39,6.95543017,109.7351696,0,
LM-16-109,191,51.36,85.92,-0.954981132,3.44,4.43911328,117.608026,0,
LM-16-133,204,52.7,88.24,1.183183141,3.92,9.84638762,130.2547664,0,
LM-16-134,185,51.42,82.48,-2.194160344,3.73,4.20159777,108.1289552,0,
LM-16-140,200,53.35,85.68,0.520718239,3.86,4.42866027,124.3581888,1,3
LM-16-148,205,52.64,87.33,1.060860282,3.29,2.5757364,122.1076744,0,
LM-16-157,194,51.33,80.3,-1.873613317,3.63,6.96007009,108.6687112,0,
LM-16-158,188,52.22,86.88,-0.71421403,4.23,6.27707668,112.2217064,0,
LM-16-159,189,52.15,80.49,-1.988563058,3.56,4.32917907,104.9915724,0,
LM-16-161,204,54.6,90.34,2.307084174,4.51,10.45738313,135.565054,0,
LM-16-165,204,53.56,84.51,0.711012375,3.91,7.60931031,133.6283688,0,
LM-16-184,200,54.81,88.01,1.534463606,4.25,9.84099945,119.9363472,0,
LM-16-185,197,54.02,87.46,0.864949249,4.62,7.78074492,132.031264,0,
LM-16-187,188,52.41,85.04,-1.03143628,3.45,5.03475195,112.7406796,1,2
LM-16-188,197,53.58,89.52,1.138301196,3.95,7.85780766,127.1858836,1,2
LM-16-189,188,52.32,85.11,-1.049157605,3.67,5.40545736,108.7354364,0,
LM-16-191,203,53.09,82.47,0.024365488,3.45,5.552976,125.520476,0,
LM-16-211,201,54.22,87.5,1.305220456,3.73,4.25011955,126.8437396,0,
LM-16-212,200,53.68,89.1,1.356204441,4.31,6.52623431,121.0691364,0,
LM-16-215,190,52.22,82.98,-1.35157109,3.3,9.3845842,113.6699024,0,
LM-16-216,205,52.96,88.1,1.337394929,3.62,7.15249869,132.4837092,1,1
LM-16-218,197,52.81,83.31,-0.440233017,3.43,5.70097898,117.402882,0,
LM-16-223,185,50.5,83.28,-2.357614903,3.6,7.37219117,114.1659236,0,
LM-16-234,183,50.9,80.49,-2.978301013,3.25,3.44251131,93.820554,0,
LM-16-235,200,55.25,87.27,1.537740102,3.87,5.65342588,135.7737476,0,
LM-16-248,196,48.72,81.79,-2.320743693,3.28,6.06400597,113.8657396,1,3
LM-16-250,201,52.5,89.59,1.12418719,3.98,3.81806113,124.9252736,1,1
LM-16-251,207,56.06,87.45,2.496821163,3.6,2.9022801,130.2084296,1,1
LM-16-257,197,54.58,85.8,0.718612125,3.73,3.88193975,112.5802948,0,
LM-16-258,199,54.61,87.75,1.318019028,3.76,5.41859699,124.6601476,1,1
LM-16-260,204,55.42,87.9,2.090858834,3.81,5.54578192,124.4985796,0,
LM-16-262,189,50.48,81.79,-2.317159247,3.24,5.16184891,103.2538796,0,
LM-16-264,190,51.53,82.16,-1.771747151,3.88,9.99889806,127.3411412,0,
LM-16-268,205,54.21,89.56,2.093237968,3.75,3.86310355,128.22383,1,1
LM-16-270,200,52,89.14,0.759954829,3.56,4.57824873,118.2804436,0,
LM-16-278,191,51.88,83.01,-1.377673016,3.58,3.65470131,115.9083492,1,2
LM-16-284,207,54,87.56,1.778479175,4.06,2.88692326,122.9883912,0,
LM-16-285,202,55.48,88.26,2.007942719,3.94,3.90077595,133.13633,0,
LM-16-286,199,52.07,85.85,0.005695284,3.09,4.79684007,118.0604712,0,
LM-16-294,183,49.21,79.81,-3.729037868,2.95,2.16370329,102.5260156,0,
LM-16-296,192,53.05,82.89,-0.89176073,3.44,2.38966465,115.5006632,0,
LM-16-297,191,51.2,83.73,-1.471516893,3.66,2.8497352,105.9087276,0,
LM-16-298,203,54.33,91.9,2.446858527,4.05,10.49813852,121.485932,0,
LM-16-299,196,52.21,82.64,-0.886560135,3.89,4.07322373,108.9318652,0,
LM-16-301,203,53.32,91.09,1.91361008,3.9,9.90320462,114.3031208,0,
LM-16-304,191,52.3,83.99,-1.021139282,3.12,4.34841164,113.6683248,0,
LM-16-306,191,53.51,87.36,0.120580724,4.22,3.62250505,118.0141344,0,
LM-16-307,186,52.72,81.17,-1.910845767,3.85,3.20477537,104.5171612,0,
LM-16-311,194,53.37,85.12,-0.129304015,3.31,1.35944195,113.8380164,0,
LM-16-314,194,52.19,89.39,0.340864875,4.01,7.50325183,116.9393552,0,
LM-16-317,209,55.07,91,3.064437091,3.91,3.94722791,122.3084416,1,3
LM-16-321,189,52.75,82.76,-1.296905861,3.57,6.33208777,114.31085,0,
LM-16-322,189,51.3,85.03,-1.34304402,3.76,2.51194575,117.989172,1,1
LM-16-323,183,50.09,83.98,-2.538431319,3.62,6.28515147,112.0042976,1,3
LM-16-324,205,54.09,90.11,2.165311798,3.5,7.29645,133.5539144,1,1
LM-16-326,199,54.03,86.76,0.901805596,3.59,4.19361095,123.7079344,0,
LM-16-327,198,50.88,86.57,-0.361674805,3.13,3.85304691,111.07823,0,
LM-16-330,196,52.94,85.56,-0.011897364,3.46,8.58562306,117.381902,1,1
LM-16-339,199,52.9,85.22,0.172385217,3.68,4.24677265,104.9652296,0,
LM-16-346,195,52.06,86.66,-0.188062938,3.56,6.88776379,116.3152464,1,3
LM-16-347,185,51.28,81,-2.55470553,3.72,6.42111596,119.591048,1,1
LM-16-351,192,52.86,84.53,-0.616451881,3.66,5.54578192,112.8757076,0,
LM-16-363,184,53.03,81.87,-1.832534058,3.66,4.64813232,118.5156772,0,
LM-16-366,194,51.26,80.89,-1.775161798,3.5,3.44299565,110.5487668,0,
LM-16-373,203,53.46,85.7,0.834429967,3.07,7.6930383,127.297368,0,
LM-16-374,198,54.02,87.93,1.053422863,4.03,5.73446725,121.8443232,0,
LM-16-375,195,51.46,89.76,0.245654662,3.81,5.82017709,122.7513828,0,
LM-17-001,190,52.13,82.97,-1.386057775,3.32,5.15876592,109.6609124,1,1
LM-17-003,190,50.25,83.31,-1.991417322,3.63,6.22934764,115.5782728,0,
LM-17-016,196,53.79,89.08,1.031693629,3.68,2.53718329,121.5888984,1,1
LM-17-034,196,51.97,85.85,-0.300226102,4,5.00387726,120.7309364,0,
LM-17-050,194,50.39,82.58,-1.734106717,3.53,8.64751983,119.1793796,0,
LM-17-053,204,54.56,91.44,2.523211869,3.58,5.74395158,138.6493568,1,2
LM-17-057,208,56.93,90.41,3.520229761,3.97,3.78837555,137.0156164,0,
LM-17-058,201,53.56,88.77,1.333836433,3.47,4.49355206,125.2854396,0,
LM-17-061,189,50.52,81.14,-2.438981791,3.72,4.76715449,107.8178868,0,
LM-17-063,203,53.66,86.03,0.975567112,3.26,4.28136206,132.7957636,0,
LM-17-064,200,55.37,85.04,1.113593709,4.25,5.86196058,125.6327492,0,
LM-17-065,206,56.51,92.18,3.560051035,4.56,7.52430524,137.8557536,0,
LM-17-066,191,52.37,83.57,-1.08396441,3.7,7.57883199,115.482444,0,
LM-17-067,197,54.17,86.76,0.772237375,3.89,6.20773685,119.687074,1,1
LM-17-071,198,54.3,83.96,0.322213916,3.82,5.79966744,128.414896,1,2
LM-17-073,200,55.59,87.31,1.668488841,4.29,4.39208901,122.2690452,1,1
LM-17-074,193,52.43,82.19,-1.171618616,3.47,3.67085089,111.655016,0,
LM-17-075,193,53.39,86.49,0.075023657,3.79,5.92385735,117.022722,0,
LM-17-077,189,51.62,85.37,-1.156623184,4.27,8.40780204,125.6349184,1,1
LM-17-083,197,54.98,88.1,1.344576297,3.65,7.96894591,127.7339604,0,
LM-17-087,190,51.72,77.9,-2.596121544,3.47,5.89813547,112.5086012,0,
LM-17-088,195,54.5,85.56,0.459569785,3.71,5.3404776,110.4808584,0,
LM-17-089,205,54.68,86.7,1.663029426,3.43,8.65678373,122.6377292,0,
LM-17-090,205,54.15,85.55,1.231280282,3.44,3.75308137,126.1158756,0,
LM-17-096,194,53.96,84.87,0.030645337,3.96,8.87387756,122.6187212,1,3
LM-17-097,186,54.28,86.19,-0.297375148,3.56,6.41842934,117.5347548,0,
LM-17-098,202,54.16,85.68,0.992191626,3.92,8.13569712,118.9698972,0,
LM-17-103,201,55.4,89.36,2.119697284,3.2,7.13887472,122.9113732,0,
LM-17-104,184,50.38,84.11,-2.316839435,2.9,7.44706656,113.6101176,1,1
LM-17-111,201,56.31,87.12,1.977776359,3.69,5.12148989,123.669524,1,3
LM-17-113,202,52.71,87.19,0.786782546,3.82,5.56991832,118.5936812,0,
LM-17-134,202,54.41,87.22,1.404899851,4.02,5.81660976,119.6862852,1,1
LM-17-141,198,53.79,86.53,0.677252021,3.96,7.42174105,133.8077616,1,1
LM-17-142,198,54.54,88.82,1.427085585,3.15,5.65982722,121.3051588,0,
LM-17-149,189,52.23,84.65,-1.087972319,3.44,6.24391174,113.5816056,0,
LM-17-152,191,51.21,84.64,-1.27721192,3.69,7.49708585,116.9862836,0,
LM-17-158,200,52.22,85.08,-0.011709158,4.22,3.93369191,121.6168188,1,1
LM-17-162,192,53.55,84.63,-0.34716406,4,4.64645887,117.2409196,1,2
LM-17-169,196,51.89,84.76,-0.557446148,4.19,10.01663312,128.5727172,1,2
LM-17-170,203,53.2,89.64,1.566549907,3.16,7.78904014,131.897222,1,1
LM-17-173,199,54.2,87.13,1.040528416,3.78,5.24029163,122.8943372,1,2
LM-17-175,198,53.59,88.58,1.034884339,3.63,5.37973548,130.7842296,1,1
LM-17-181,201,53.34,84.46,0.351424619,3.26,5.02192072,114.8009168,1,1
LM-17-183,202,54.68,84.87,1.009590445,3.09,9.2481503,128.14484,1,1
LM-17-187,203,55.4,85.6,1.511679604,3.67,5.2598326,124.913206,-99,
LM-17-191,209,54.28,84.56,1.430504465,3.04,6.3088915,129.5558088,0,
LM-17-194,190,51.12,79.28,-2.522859186,3.53,5.61526914,115.2091944,0,
LM-17-195,203,53.5,85.86,0.882356694,3.62,4.19763407,132.5134044,0,
LM-17-201,192,51.14,84.09,-1.32768966,3.59,5.12100555,113.0265884,1,3
LM-17-202,189,52.69,79.82,-1.934626855,3.36,7.36103339,110.7588408,1,1
LM-17-204,199,53.12,91.59,1.586505054,4.11,7.22768248,122.0698556,0,
LM-17-205,201,55.3,89.33,2.077420256,3.92,4.68303013,116.4289,1,3
LM-17-209,200,54.77,86.57,1.218291117,3.63,7.32296462,127.6836796,1,1
LM-17-211,192,51.54,86.12,-0.758308578,4.03,7.63076009,125.62502,0,
LM-17-212,195,52.47,84.33,-0.52879498,3.77,7.71497242,125.7743232,0,
LM-17-215,202,55.44,85.55,1.425620138,2.97,4.98543743,120.2276188,1,1
LM-17-218,201,52.55,84.97,0.173982652,3.14,8.5910992,123.6192432,0,
LM-17-223,195,52.68,83.01,-0.729844385,3.79,5.95186948,117.4016988,1,2
LM-17-224,196,53.05,85.04,-0.081283185,4.17,7.47397755,117.9588852,0,
LM-17-225,196,52.82,83.58,-0.470028047,3.24,3.41419078,105.6913188,1,1
LM-17-226,201,53.1,87.58,0.918897621,3.58,5.54918824,124.254828,1,1
LM-17-227,206,53.89,86.06,1.334562531,3.27,7.99546053,127.126296,1,1
LM-17-228,193,54.17,83.92,-0.182841401,3.87,8.5395824,119.7539964,1,1
LM-17-230,203,53.55,90.36,1.843403209,3.27,5.48460485,124.2730472,1,2
LM-17-237,204,56.88,91.96,3.467155113,3.63,7.90326138,138.2895852,1,1
LM-17-241,189,51.91,83.71,-1.400133355,4.07,7.87617445,126.0873636,0,
LM-17-242,201,54.71,85.47,1.056150528,3.51,4.82176921,122.0203636,0,
LM-17-301,194,54.66,82.47,-0.220385345,3.35,3.76155253,117.988186,0,
LM-17-302,198,54.23,84.22,0.351508324,2.92,6.65554848,116.4081172,0,
LM-17-323,192,51.3,82.51,-1.601221495,3.69,5.4208142,107.7341256,0,
LM-17-324,203,55.43,89.19,2.274822144,3.3,3.64204602,123.7336856,1,1
LM-17-325,199,55.69,88.77,1.920469557,3.2,3.04671575,126.642578,0,
LM-17-329,200,55.43,87.26,1.600426463,3.05,5.99073099,120.3206868,0,
LM-17-342,192,52.67,87.15,-0.13576737,3.79,5.98874914,119.197796,0,
LM-17-344,191,51.88,79.55,-2.102774841,3,2.61023784,100.8322932,0,
LM-17-347,201,56.46,88.29,2.276954776,3.72,5.0476426,130.2155672,1,1
LM-17-348,190,51.87,83.8,-1.305691209,3.63,7.50555701,123.0440348,0,
LM-18-001,199,53.15,83.4,-0.119051682,-99,8.64941371,125.0476424,1,1
LM-18-002,192,50.5,84.07,-1.562217112,-99,14.06256056,133.6962772,1,1
LM-18-003,198,53.57,85.64,0.411559352,-99,5.62484144,130.6513708,0,
LM-18-004,195,54.03,85.07,0.187728872,-99,5.13026945,122.0706444,1,1
LM-18-005,198,52.26,86.87,0.197857535,-99,5.02192072,123.1860032,1,1
LM-18-007,195,52.18,84,-0.702323141,-99,7.2868777,122.6569344,0,
LM-18-008,200,54.17,85.37,0.750870611,-99,6.14513531,123.6843908,0,
LM-18-010,202,54.54,88.93,1.810046446,-99,3.69855462,123.611514,1,1
LM-18-011,199,54.58,86.42,1.028497911,-99,4.63728294,123.4333044,1,2
LM-18-012,202,55.1,86.78,1.561021491,-99,6.46558607,127.8529768,0,
LM-18-013,185,51.94,86.45,-1.175031258,-99,3.6535122,115.984184,0,
LM-18-014,192,51.88,84.08,-1.063459202,-99,2.61989811,105.3309556,1,1
LM-18-018,194,51.31,85.97,-0.692566422,-99,6.36381462,116.9579688,1,1
LM-18-019,202,55.51,90.61,2.511222177,-99,4.09815287,134.244354,1,1
LM-18-021,202,54.18,85.43,0.946997879,-99,5.09845463,121.9468952,0,
LM-18-022,189,52,83.75,-1.35935966,-99,7.46819301,128.2505672,0,
LM-18-023,188,52.45,84.78,-1.071527693,-99,6.17164993,124.215826,0,
LM-18-024,201,55.41,89.27,2.104435255,-99,5.18757079,125.1731664,0,
LM-18-025,194,52.85,85.73,-0.188616235,-99,4.37364918,124.4421472,1,2
LM-18-026,196,53.95,85.09,0.253105321,-99,8.23517832,115.6252012,1,2
LM-18-027,202,54.18,86.54,1.17961725,-99,4.04512363,121.9554132,0,
LM-18-028,196,54.34,88.73,1.156290274,-99,4.61884311,125.6624444,1,2
LM-18-030,203,53.87,84.67,0.766135027,-99,3.50599356,125.7747176,1,3
LM-18-031,205,54.83,85.44,1.45296003,-99,3.89870613,122.956724,0,
LM-18-032,203,53.65,87.61,1.303083972,-99,4.28065729,114.0560168,0,
LM-18-036,196,50.43,84.65,-1.105952772,-99,6.67588219,115.6917292,1,3
LM-18-037,199,53.2,86.56,0.561175051,-99,6.60971332,133.0521744,1,2
LM-18-038,188,52.87,85.57,-0.754811689,-99,4.82935966,114.5734124,0,
LM-18-039,199,55.25,86.34,1.252865668,-99,5.20561425,118.385382,1,1
LM-18-040,198,52.13,86.22,0.014851962,-99,2.81276757,122.4957608,1,2
LM-18-041,199,53.56,85.39,0.445545722,-99,1.5319777,115.6992612,0,
LM-18-042,190,51.61,81.86,-1.805825237,-99,0.91979308,100.3240072,1,3
LM-18-044,192,51.29,84.52,-1.183590824,-99,1.04737438,97.9495464,0,
LM-18-046,193,49.54,84.21,-1.788404775,-99,2.64751387,109.1225368,1,1
LM-18-049,192,51.44,85.64,-0.894890756,-99,4.85437677,110.0185148,1,3
LM-18-050,192,52.89,86.77,-0.136224792,-99,3.81607928,114.5542072,1,3
LM-18-051,203,51.06,88.24,0.502969733,-99,2.57485569,113.6204104,1,1
LM-18-052,186,51.85,81.56,-2.142227787,-99,5.55986168,106.4366132,1,2
LM-18-055,186,52.14,82.47,-1.847150766,-99,1.29485856,91.3789736,1,1
LM-18-056,204,54.52,86.24,1.419067455,-99,3.24924548,131.0473836,1,2
LM-18-057,195,54.45,90.32,1.439113703,-99,5.88269066,137.436986,0,
LM-18-058,199,53.92,90.43,1.631327472,-99,2.32776788,103.4512944,0,
LM-18-059,200,52.17,86.65,0.299316025,-99,3.32190366,117.1732084,0,
LM-18-061,187,49.67,82.11,-2.721571193,-99,3.44251131,108.3194296,0,
LM-18-062,194,53.36,86.87,0.233839235,-99,2.94763092,116.4287028,1,3
LM-18-063,185,50.37,81.17,-2.846588298,-99,3.21465607,103.6300956,1,1
LM-18-064,190,53.96,83.16,-0.687622727,-99,1.54234274,112.6468228,0,
LM-18-066,201,52.82,86.61,0.614845581,-99,1.69683503,109.3399456,1,1
LM-18-067,203,53.49,85.29,0.759304501,-99,1.77985825,110.9174508,1,1
LM-18-069,200,55.18,90.12,2.109813043,-99,4.37444192,130.7569008,1,3
LM-18-070,200,55.02,89.7,1.964210875,-99,3.4126053,133.9043792,1,1
LM-18-072,197,53.46,88.57,0.896024524,-99,3.43381972,126.5332628,1,1
LM-18-074,192,54.88,88.7,0.984440866,-99,2.86698592,115.7479644,1,3
LM-18-075,200,53.05,87.11,0.712428999,-99,2.86540044,125.4440496,1,2
LM-18-081,189,52.02,83.68,-1.366831346,-99,5.37077998,116.0978376,0,
LM-18-083,197,53.65,84.02,0.0108757,-99,5.87223765,124.1031584,1,3
LM-18-085,206,55.16,88.8,2.365849335,-99,6.64936757,129.3389916,1,1
LM-18-086,188,51.97,84.41,-1.321819567,-99,6.07067122,113.2335072,1,1
LM-18-087,203,54.75,85.49,1.254692121,-99,3.19630421,124.0734632,0,
LM-18-088,199,53.57,85.63,0.499440804,-99,4.52006668,128.7620084,1,1
LM-18-090,195,52.35,86.67,-0.081596218,-99,3.76115616,111.5136392,0,
LM-18-091,196,53.17,84.41,-0.170122375,-99,3.68968709,122.8274148,1,1
LM-18-092,195,53.53,84.22,-0.170353166,-99,6.14403417,118.2796548,1,2
LM-18-094,200,55.31,87.14,1.532090402,-99,2.65827528,119.026724,1,2
LM-18-095,203,54.82,87.3,1.659201406,-99,5.13264767,133.1464256,1,1
LM-18-096,191,49.43,82.91,-2.280385142,-99,3.19551147,105.1355128,0,
LM-18-097,192,53.87,85.72,-0.003567973,-99,5.66061996,118.91169,1,3
LM-18-098,197,52.9,88.4,0.658854036,-99,4.21964123,127.504484,1,2
LM-18-099,198,55.41,89.91,1.968626767,-99,4.85975001,131.0394572,1,1
LM-18-100,183,50.96,82.34,-2.56900805,-99,2.59179801,96.3247184,0,